{"level":"info","message":"🚀 Server is running on port 3000","service":"api-service","timestamp":"2025-11-11 13:08:00"}
{"level":"info","message":"🌍 Environment: development","service":"api-service","timestamp":"2025-11-11 13:08:00"}
{"level":"info","message":"📡 API available at http://localhost:3000/api","service":"api-service","timestamp":"2025-11-11 13:08:00"}
{"level":"info","message":"GET / 404 2.167 ms - 86","service":"api-service","timestamp":"2025-11-11 13:08:13"}
{"level":"info","message":"GET /favicon.ico 404 0.509 ms - 97","service":"api-service","timestamp":"2025-11-11 13:08:13"}
{"level":"info","message":"🚀 Server is running on port 3000","service":"api-service","timestamp":"2025-11-11 13:08:58"}
{"level":"info","message":"🌍 Environment: development","service":"api-service","timestamp":"2025-11-11 13:08:58"}
{"level":"info","message":"📡 API available at http://localhost:3000/api","service":"api-service","timestamp":"2025-11-11 13:08:58"}
{"level":"info","message":"GET / 200 2.320 ms - 75","service":"api-service","timestamp":"2025-11-11 13:09:01"}
{"level":"info","message":"🚀 Server is running on port 3000","service":"api-service","timestamp":"2025-11-11 13:10:20"}
{"level":"info","message":"🌍 Environment: development","service":"api-service","timestamp":"2025-11-11 13:10:20"}
{"level":"info","message":"📡 API available at http://localhost:3000/api","service":"api-service","timestamp":"2025-11-11 13:10:20"}
{"level":"info","message":"GET /api 404 1.404 ms - 89","service":"api-service","timestamp":"2025-11-11 13:10:23"}
{"level":"info","message":"GET /api 404 0.811 ms - 89","service":"api-service","timestamp":"2025-11-11 13:10:56"}
{"level":"info","message":"GET /api 404 0.783 ms - 89","service":"api-service","timestamp":"2025-11-11 13:11:24"}
{"level":"info","message":"🚀 Server is running on port 3000","service":"api-service","timestamp":"2026-03-14 18:29:42"}
{"level":"info","message":"🌍 Environment: development","service":"api-service","timestamp":"2026-03-14 18:29:42"}
{"level":"info","message":"📡 API available at http://localhost:3000/api","service":"api-service","timestamp":"2026-03-14 18:29:42"}
{"level":"info","message":"GET /api/v1/assets?page=1&limit=50 200 84.920 ms - 2038","service":"api-service","timestamp":"2026-03-14 18:29:57"}
{"level":"info","message":"GET /api/v1/liabilities?page=1&limit=50 200 82.146 ms - 1208","service":"api-service","timestamp":"2026-03-14 18:29:57"}
{"level":"info","message":"GET /api/v1/liabilities?page=1&limit=50 200 62.588 ms - 1208","service":"api-service","timestamp":"2026-03-14 18:29:57"}
{"level":"info","message":"GET /api/v1/assets?page=1&limit=50 200 70.589 ms - 2038","service":"api-service","timestamp":"2026-03-14 18:29:57"}
{"level":"info","message":"GET /api/v1/clients?page=1&limit=20 200 64.464 ms - 140","service":"api-service","timestamp":"2026-03-14 18:30:02"}
{"level":"info","message":"GET /api/v1/clients?page=1&limit=20 200 68.227 ms - 140","service":"api-service","timestamp":"2026-03-14 18:30:02"}
{"level":"info","message":"GET /api/v1/liabilities?page=1&limit=50 200 72.348 ms - 1208","service":"api-service","timestamp":"2026-03-14 18:30:05"}
{"level":"info","message":"GET /api/v1/assets?page=1&limit=50 200 80.632 ms - 2038","service":"api-service","timestamp":"2026-03-14 18:30:05"}
{"level":"info","message":"GET /api/v1/liabilities?page=1&limit=50 200 128.893 ms - 1208","service":"api-service","timestamp":"2026-03-14 18:30:05"}
{"level":"info","message":"GET /api/v1/assets?page=1&limit=50 200 127.049 ms - 2038","service":"api-service","timestamp":"2026-03-14 18:30:05"}
{"level":"info","message":"GET /api/v1/assets?page=1&limit=50 200 74.115 ms - 2038","service":"api-service","timestamp":"2026-03-14 18:30:08"}
{"level":"info","message":"GET /api/v1/assets?page=1&limit=50 200 85.910 ms - 2038","service":"api-service","timestamp":"2026-03-14 18:30:08"}
{"level":"info","message":"GET /api/v1/liabilities?page=1&limit=50 200 119.328 ms - 1208","service":"api-service","timestamp":"2026-03-14 18:30:10"}
{"level":"info","message":"GET /api/v1/liabilities?page=1&limit=50 200 73.397 ms - 1208","service":"api-service","timestamp":"2026-03-14 18:30:10"}
{"level":"info","message":"GET /api/v1/liabilities?page=1&limit=50 200 64.066 ms - 1208","service":"api-service","timestamp":"2026-03-14 18:30:13"}
{"level":"info","message":"GET /api/v1/assets?page=1&limit=50 200 71.381 ms - 2038","service":"api-service","timestamp":"2026-03-14 18:30:13"}
{"level":"info","message":"GET /api/v1/liabilities?page=1&limit=50 200 57.434 ms - 1208","service":"api-service","timestamp":"2026-03-14 18:30:13"}
{"level":"info","message":"GET /api/v1/assets?page=1&limit=50 200 67.627 ms - 2038","service":"api-service","timestamp":"2026-03-14 18:30:13"}
{"level":"info","message":"GET /api/v1/clients?page=1&limit=20 200 76.138 ms - 140","service":"api-service","timestamp":"2026-03-14 18:30:13"}
{"level":"info","message":"GET /api/v1/clients?page=1&limit=20 200 143.979 ms - 140","service":"api-service","timestamp":"2026-03-14 18:30:13"}
{"level":"error","message":"AppError: [{\"path\":\"body\",\"message\":\"Required\"}]","method":"POST","path":"/api/v1/clients","service":"api-service","stack":"Error: [{\"path\":\"body\",\"message\":\"Required\"}]\n    at <anonymous> (/Users/thamaraikannan/Desktop/finalfinance/api_personal_finance/src/middlewares/validation.middleware.ts:16:15)\n    at Layer.handleRequest (/Users/thamaraikannan/Desktop/finalfinance/api_personal_finance/node_modules/router/lib/layer.js:152:17)\n    at next (/Users/thamaraikannan/Desktop/finalfinance/api_personal_finance/node_modules/router/lib/route.js:157:13)\n    at Route.dispatch (/Users/thamaraikannan/Desktop/finalfinance/api_personal_finance/node_modules/router/lib/route.js:117:3)\n    at handle (/Users/thamaraikannan/Desktop/finalfinance/api_personal_finance/node_modules/router/index.js:435:11)\n    at Layer.handleRequest (/Users/thamaraikannan/Desktop/finalfinance/api_personal_finance/node_modules/router/lib/layer.js:152:17)\n    at /Users/thamaraikannan/Desktop/finalfinance/api_personal_finance/node_modules/router/index.js:295:15\n    at processParams (/Users/thamaraikannan/Desktop/finalfinance/api_personal_finance/node_modules/router/index.js:582:12)\n    at next (/Users/thamaraikannan/Desktop/finalfinance/api_personal_finance/node_modules/router/index.js:291:5)\n    at authenticate (/Users/thamaraikannan/Desktop/finalfinance/api_personal_finance/src/middlewares/auth.middleware.ts:34:5)\n    at Layer.handleRequest (/Users/thamaraikannan/Desktop/finalfinance/api_personal_finance/node_modules/router/lib/layer.js:152:17)\n    at trimPrefix (/Users/thamaraikannan/Desktop/finalfinance/api_personal_finance/node_modules/router/index.js:342:13)\n    at /Users/thamaraikannan/Desktop/finalfinance/api_personal_finance/node_modules/router/index.js:297:9\n    at processParams (/Users/thamaraikannan/Desktop/finalfinance/api_personal_finance/node_modules/router/index.js:582:12)\n    at next (/Users/thamaraikannan/Desktop/finalfinance/api_personal_finance/node_modules/router/index.js:291:5)\n    at router.handle (/Users/thamaraikannan/Desktop/finalfinance/api_personal_finance/node_modules/router/index.js:186:3)","statusCode":422,"timestamp":"2026-03-14 18:30:38"}
{"level":"info","message":"POST /api/v1/clients 422 2.248 ms - 115","service":"api-service","timestamp":"2026-03-14 18:30:38"}
{"level":"info","message":"GET /api/v1/clients?page=1&limit=20 200 61.818 ms - 140","service":"api-service","timestamp":"2026-03-14 18:30:38"}
{"level":"info","message":"GET /api/v1/clients?page=1&limit=20 200 117.931 ms - 140","service":"api-service","timestamp":"2026-03-14 18:30:38"}
{"level":"info","message":"GET /api/v1/liabilities?page=1&limit=50 200 76.745 ms - 1208","service":"api-service","timestamp":"2026-03-14 18:30:44"}
{"level":"info","message":"GET /api/v1/liabilities?page=1&limit=50 200 65.916 ms - 1208","service":"api-service","timestamp":"2026-03-14 18:30:44"}
{"level":"info","message":"GET /api/v1/liabilities?page=1&limit=50 200 67.996 ms - 1208","service":"api-service","timestamp":"2026-03-14 18:30:47"}
{"level":"info","message":"GET /api/v1/liabilities?page=1&limit=50 200 68.271 ms - 1208","service":"api-service","timestamp":"2026-03-14 18:30:47"}
{"level":"info","message":"GET /api/v1/assets?page=1&limit=50 200 82.019 ms - 2038","service":"api-service","timestamp":"2026-03-14 18:30:49"}
{"level":"info","message":"GET /api/v1/assets?page=1&limit=50 200 65.914 ms - 2038","service":"api-service","timestamp":"2026-03-14 18:30:49"}
{"level":"info","message":"GET /api/v1/clients?page=1&limit=20 200 76.657 ms - 140","service":"api-service","timestamp":"2026-03-14 18:30:53"}
{"level":"info","message":"GET /api/v1/clients?page=1&limit=20 200 60.441 ms - 140","service":"api-service","timestamp":"2026-03-14 18:30:53"}
{"level":"error","message":"AppError: [{\"path\":\"body\",\"message\":\"Required\"}]","method":"POST","path":"/api/v1/clients","service":"api-service","stack":"Error: [{\"path\":\"body\",\"message\":\"Required\"}]\n    at <anonymous> (/Users/thamaraikannan/Desktop/finalfinance/api_personal_finance/src/middlewares/validation.middleware.ts:16:15)\n    at Layer.handleRequest (/Users/thamaraikannan/Desktop/finalfinance/api_personal_finance/node_modules/router/lib/layer.js:152:17)\n    at next (/Users/thamaraikannan/Desktop/finalfinance/api_personal_finance/node_modules/router/lib/route.js:157:13)\n    at Route.dispatch (/Users/thamaraikannan/Desktop/finalfinance/api_personal_finance/node_modules/router/lib/route.js:117:3)\n    at handle (/Users/thamaraikannan/Desktop/finalfinance/api_personal_finance/node_modules/router/index.js:435:11)\n    at Layer.handleRequest (/Users/thamaraikannan/Desktop/finalfinance/api_personal_finance/node_modules/router/lib/layer.js:152:17)\n    at /Users/thamaraikannan/Desktop/finalfinance/api_personal_finance/node_modules/router/index.js:295:15\n    at processParams (/Users/thamaraikannan/Desktop/finalfinance/api_personal_finance/node_modules/router/index.js:582:12)\n    at next (/Users/thamaraikannan/Desktop/finalfinance/api_personal_finance/node_modules/router/index.js:291:5)\n    at authenticate (/Users/thamaraikannan/Desktop/finalfinance/api_personal_finance/src/middlewares/auth.middleware.ts:34:5)\n    at Layer.handleRequest (/Users/thamaraikannan/Desktop/finalfinance/api_personal_finance/node_modules/router/lib/layer.js:152:17)\n    at trimPrefix (/Users/thamaraikannan/Desktop/finalfinance/api_personal_finance/node_modules/router/index.js:342:13)\n    at /Users/thamaraikannan/Desktop/finalfinance/api_personal_finance/node_modules/router/index.js:297:9\n    at processParams (/Users/thamaraikannan/Desktop/finalfinance/api_personal_finance/node_modules/router/index.js:582:12)\n    at next (/Users/thamaraikannan/Desktop/finalfinance/api_personal_finance/node_modules/router/index.js:291:5)\n    at router.handle (/Users/thamaraikannan/Desktop/finalfinance/api_personal_finance/node_modules/router/index.js:186:3)","statusCode":422,"timestamp":"2026-03-14 18:31:30"}
{"level":"info","message":"POST /api/v1/clients 422 1.642 ms - 115","service":"api-service","timestamp":"2026-03-14 18:31:30"}
{"level":"info","message":"GET /api/v1/clients?page=1&limit=20 200 80.461 ms - 140","service":"api-service","timestamp":"2026-03-14 18:31:31"}
{"level":"info","message":"GET /api/v1/clients?page=1&limit=20 200 87.336 ms - 140","service":"api-service","timestamp":"2026-03-14 18:31:31"}
{"level":"info","message":"🚀 Server is running on port 3000","service":"api-service","timestamp":"2026-03-14 18:32:32"}
{"level":"info","message":"🌍 Environment: development","service":"api-service","timestamp":"2026-03-14 18:32:32"}
{"level":"info","message":"📡 API available at http://localhost:3000/api","service":"api-service","timestamp":"2026-03-14 18:32:32"}
{"level":"info","message":"🚀 Server is running on port 3000","service":"api-service","timestamp":"2026-03-14 18:32:39"}
{"level":"info","message":"🌍 Environment: development","service":"api-service","timestamp":"2026-03-14 18:32:39"}
{"level":"info","message":"📡 API available at http://localhost:3000/api","service":"api-service","timestamp":"2026-03-14 18:32:39"}
{"level":"info","message":"🚀 Server is running on port 3000","service":"api-service","timestamp":"2026-03-14 18:32:43"}
{"level":"info","message":"🌍 Environment: development","service":"api-service","timestamp":"2026-03-14 18:32:43"}
{"level":"info","message":"📡 API available at http://localhost:3000/api","service":"api-service","timestamp":"2026-03-14 18:32:43"}
{"level":"error","message":"AppError: [{\"path\":\"permanentAddress.pincode\",\"message\":\"Pincode must be 6 digits\"},{\"path\":\"officeAddress.pincode\",\"message\":\"Pincode must be 6 digits\"}]","method":"POST","path":"/api/v1/clients","service":"api-service","stack":"Error: [{\"path\":\"permanentAddress.pincode\",\"message\":\"Pincode must be 6 digits\"},{\"path\":\"officeAddress.pincode\",\"message\":\"Pincode must be 6 digits\"}]\n    at <anonymous> (/Users/thamaraikannan/Desktop/finalfinance/api_personal_finance/src/middlewares/validation.middleware.ts:16:15)\n    at Layer.handleRequest (/Users/thamaraikannan/Desktop/finalfinance/api_personal_finance/node_modules/router/lib/layer.js:152:17)\n    at next (/Users/thamaraikannan/Desktop/finalfinance/api_personal_finance/node_modules/router/lib/route.js:157:13)\n    at Route.dispatch (/Users/thamaraikannan/Desktop/finalfinance/api_personal_finance/node_modules/router/lib/route.js:117:3)\n    at handle (/Users/thamaraikannan/Desktop/finalfinance/api_personal_finance/node_modules/router/index.js:435:11)\n    at Layer.handleRequest (/Users/thamaraikannan/Desktop/finalfinance/api_personal_finance/node_modules/router/lib/layer.js:152:17)\n    at /Users/thamaraikannan/Desktop/finalfinance/api_personal_finance/node_modules/router/index.js:295:15\n    at processParams (/Users/thamaraikannan/Desktop/finalfinance/api_personal_finance/node_modules/router/index.js:582:12)\n    at next (/Users/thamaraikannan/Desktop/finalfinance/api_personal_finance/node_modules/router/index.js:291:5)\n    at authenticate (/Users/thamaraikannan/Desktop/finalfinance/api_personal_finance/src/middlewares/auth.middleware.ts:34:5)\n    at Layer.handleRequest (/Users/thamaraikannan/Desktop/finalfinance/api_personal_finance/node_modules/router/lib/layer.js:152:17)\n    at trimPrefix (/Users/thamaraikannan/Desktop/finalfinance/api_personal_finance/node_modules/router/index.js:342:13)\n    at /Users/thamaraikannan/Desktop/finalfinance/api_personal_finance/node_modules/router/index.js:297:9\n    at processParams (/Users/thamaraikannan/Desktop/finalfinance/api_personal_finance/node_modules/router/index.js:582:12)\n    at next (/Users/thamaraikannan/Desktop/finalfinance/api_personal_finance/node_modules/router/index.js:291:5)\n    at router.handle (/Users/thamaraikannan/Desktop/finalfinance/api_personal_finance/node_modules/router/index.js:186:3)","statusCode":422,"timestamp":"2026-03-14 18:33:11"}
{"level":"info","message":"POST /api/v1/clients 422 3.844 ms - 229","service":"api-service","timestamp":"2026-03-14 18:33:11"}
{"level":"info","message":"GET /api/v1/clients?page=1&limit=20 200 79.281 ms - 140","service":"api-service","timestamp":"2026-03-14 18:33:11"}
{"level":"info","message":"GET /api/v1/clients?page=1&limit=20 200 91.816 ms - 140","service":"api-service","timestamp":"2026-03-14 18:33:11"}
{"level":"info","message":"🚀 Server is running on port 3000","service":"api-service","timestamp":"2026-03-14 18:34:05"}
{"level":"info","message":"🌍 Environment: development","service":"api-service","timestamp":"2026-03-14 18:34:05"}
{"level":"info","message":"📡 API available at http://localhost:3000/api","service":"api-service","timestamp":"2026-03-14 18:34:05"}
{"level":"info","message":"🚀 Server is running on port 3000","service":"api-service","timestamp":"2026-03-14 18:34:09"}
{"level":"info","message":"🌍 Environment: development","service":"api-service","timestamp":"2026-03-14 18:34:09"}
{"level":"info","message":"📡 API available at http://localhost:3000/api","service":"api-service","timestamp":"2026-03-14 18:34:09"}
{"level":"info","message":"🚀 Server is running on port 3000","service":"api-service","timestamp":"2026-03-14 18:34:13"}
{"level":"info","message":"🌍 Environment: development","service":"api-service","timestamp":"2026-03-14 18:34:13"}
{"level":"info","message":"📡 API available at http://localhost:3000/api","service":"api-service","timestamp":"2026-03-14 18:34:13"}
{"level":"info","message":"🚀 Server is running on port 3000","service":"api-service","timestamp":"2026-03-14 18:34:19"}
{"level":"info","message":"🌍 Environment: development","service":"api-service","timestamp":"2026-03-14 18:34:19"}
{"level":"info","message":"📡 API available at http://localhost:3000/api","service":"api-service","timestamp":"2026-03-14 18:34:19"}
{"level":"info","message":"🚀 Server is running on port 3000","service":"api-service","timestamp":"2026-03-14 18:34:22"}
{"level":"info","message":"🌍 Environment: development","service":"api-service","timestamp":"2026-03-14 18:34:22"}
{"level":"info","message":"📡 API available at http://localhost:3000/api","service":"api-service","timestamp":"2026-03-14 18:34:22"}
{"level":"info","message":"🚀 Server is running on port 3000","service":"api-service","timestamp":"2026-03-14 18:34:28"}
{"level":"info","message":"🌍 Environment: development","service":"api-service","timestamp":"2026-03-14 18:34:28"}
{"level":"info","message":"📡 API available at http://localhost:3000/api","service":"api-service","timestamp":"2026-03-14 18:34:28"}
{"level":"error","message":"AppError: [{\"path\":\"permanentAddress.pincode\",\"message\":\"Pincode must be 6 digits\"},{\"path\":\"officeAddress.pincode\",\"message\":\"Pincode must be 6 digits\"}]","method":"POST","path":"/api/v1/clients","service":"api-service","stack":"Error: [{\"path\":\"permanentAddress.pincode\",\"message\":\"Pincode must be 6 digits\"},{\"path\":\"officeAddress.pincode\",\"message\":\"Pincode must be 6 digits\"}]\n    at <anonymous> (/Users/thamaraikannan/Desktop/finalfinance/api_personal_finance/src/middlewares/validation.middleware.ts:16:15)\n    at Layer.handleRequest (/Users/thamaraikannan/Desktop/finalfinance/api_personal_finance/node_modules/router/lib/layer.js:152:17)\n    at next (/Users/thamaraikannan/Desktop/finalfinance/api_personal_finance/node_modules/router/lib/route.js:157:13)\n    at Route.dispatch (/Users/thamaraikannan/Desktop/finalfinance/api_personal_finance/node_modules/router/lib/route.js:117:3)\n    at handle (/Users/thamaraikannan/Desktop/finalfinance/api_personal_finance/node_modules/router/index.js:435:11)\n    at Layer.handleRequest (/Users/thamaraikannan/Desktop/finalfinance/api_personal_finance/node_modules/router/lib/layer.js:152:17)\n    at /Users/thamaraikannan/Desktop/finalfinance/api_personal_finance/node_modules/router/index.js:295:15\n    at processParams (/Users/thamaraikannan/Desktop/finalfinance/api_personal_finance/node_modules/router/index.js:582:12)\n    at next (/Users/thamaraikannan/Desktop/finalfinance/api_personal_finance/node_modules/router/index.js:291:5)\n    at authenticate (/Users/thamaraikannan/Desktop/finalfinance/api_personal_finance/src/middlewares/auth.middleware.ts:34:5)\n    at Layer.handleRequest (/Users/thamaraikannan/Desktop/finalfinance/api_personal_finance/node_modules/router/lib/layer.js:152:17)\n    at trimPrefix (/Users/thamaraikannan/Desktop/finalfinance/api_personal_finance/node_modules/router/index.js:342:13)\n    at /Users/thamaraikannan/Desktop/finalfinance/api_personal_finance/node_modules/router/index.js:297:9\n    at processParams (/Users/thamaraikannan/Desktop/finalfinance/api_personal_finance/node_modules/router/index.js:582:12)\n    at next (/Users/thamaraikannan/Desktop/finalfinance/api_personal_finance/node_modules/router/index.js:291:5)\n    at router.handle (/Users/thamaraikannan/Desktop/finalfinance/api_personal_finance/node_modules/router/index.js:186:3)","statusCode":422,"timestamp":"2026-03-14 18:35:17"}
{"level":"info","message":"POST /api/v1/clients 422 3.531 ms - 229","service":"api-service","timestamp":"2026-03-14 18:35:17"}
{"level":"info","message":"GET /api/v1/clients?page=1&limit=20 200 83.525 ms - 140","service":"api-service","timestamp":"2026-03-14 18:35:18"}
{"level":"info","message":"GET /api/v1/clients?page=1&limit=20 200 94.265 ms - 140","service":"api-service","timestamp":"2026-03-14 18:35:18"}
{"level":"error","message":"AppError: [{\"path\":\"permanentAddress.pincode\",\"message\":\"Pincode must be 6 digits\"},{\"path\":\"officeAddress.pincode\",\"message\":\"Pincode must be 6 digits\"}]","method":"POST","path":"/api/v1/clients","service":"api-service","stack":"Error: [{\"path\":\"permanentAddress.pincode\",\"message\":\"Pincode must be 6 digits\"},{\"path\":\"officeAddress.pincode\",\"message\":\"Pincode must be 6 digits\"}]\n    at <anonymous> (/Users/thamaraikannan/Desktop/finalfinance/api_personal_finance/src/middlewares/validation.middleware.ts:16:15)\n    at Layer.handleRequest (/Users/thamaraikannan/Desktop/finalfinance/api_personal_finance/node_modules/router/lib/layer.js:152:17)\n    at next (/Users/thamaraikannan/Desktop/finalfinance/api_personal_finance/node_modules/router/lib/route.js:157:13)\n    at Route.dispatch (/Users/thamaraikannan/Desktop/finalfinance/api_personal_finance/node_modules/router/lib/route.js:117:3)\n    at handle (/Users/thamaraikannan/Desktop/finalfinance/api_personal_finance/node_modules/router/index.js:435:11)\n    at Layer.handleRequest (/Users/thamaraikannan/Desktop/finalfinance/api_personal_finance/node_modules/router/lib/layer.js:152:17)\n    at /Users/thamaraikannan/Desktop/finalfinance/api_personal_finance/node_modules/router/index.js:295:15\n    at processParams (/Users/thamaraikannan/Desktop/finalfinance/api_personal_finance/node_modules/router/index.js:582:12)\n    at next (/Users/thamaraikannan/Desktop/finalfinance/api_personal_finance/node_modules/router/index.js:291:5)\n    at authenticate (/Users/thamaraikannan/Desktop/finalfinance/api_personal_finance/src/middlewares/auth.middleware.ts:34:5)\n    at Layer.handleRequest (/Users/thamaraikannan/Desktop/finalfinance/api_personal_finance/node_modules/router/lib/layer.js:152:17)\n    at trimPrefix (/Users/thamaraikannan/Desktop/finalfinance/api_personal_finance/node_modules/router/index.js:342:13)\n    at /Users/thamaraikannan/Desktop/finalfinance/api_personal_finance/node_modules/router/index.js:297:9\n    at processParams (/Users/thamaraikannan/Desktop/finalfinance/api_personal_finance/node_modules/router/index.js:582:12)\n    at next (/Users/thamaraikannan/Desktop/finalfinance/api_personal_finance/node_modules/router/index.js:291:5)\n    at router.handle (/Users/thamaraikannan/Desktop/finalfinance/api_personal_finance/node_modules/router/index.js:186:3)","statusCode":422,"timestamp":"2026-03-14 18:35:27"}
{"level":"info","message":"POST /api/v1/clients 422 1.065 ms - 229","service":"api-service","timestamp":"2026-03-14 18:35:27"}
{"level":"info","message":"GET /api/v1/clients?page=1&limit=20 200 66.527 ms - 140","service":"api-service","timestamp":"2026-03-14 18:35:27"}
{"level":"info","message":"GET /api/v1/clients?page=1&limit=20 200 75.892 ms - 140","service":"api-service","timestamp":"2026-03-14 18:35:27"}
{"level":"error","message":"AppError: [{\"path\":\"permanentAddress.pincode\",\"message\":\"Pincode must be 6 digits\"},{\"path\":\"officeAddress.pincode\",\"message\":\"Pincode must be 6 digits\"}]","method":"POST","path":"/api/v1/clients","service":"api-service","stack":"Error: [{\"path\":\"permanentAddress.pincode\",\"message\":\"Pincode must be 6 digits\"},{\"path\":\"officeAddress.pincode\",\"message\":\"Pincode must be 6 digits\"}]\n    at <anonymous> (/Users/thamaraikannan/Desktop/finalfinance/api_personal_finance/src/middlewares/validation.middleware.ts:16:15)\n    at Layer.handleRequest (/Users/thamaraikannan/Desktop/finalfinance/api_personal_finance/node_modules/router/lib/layer.js:152:17)\n    at next (/Users/thamaraikannan/Desktop/finalfinance/api_personal_finance/node_modules/router/lib/route.js:157:13)\n    at Route.dispatch (/Users/thamaraikannan/Desktop/finalfinance/api_personal_finance/node_modules/router/lib/route.js:117:3)\n    at handle (/Users/thamaraikannan/Desktop/finalfinance/api_personal_finance/node_modules/router/index.js:435:11)\n    at Layer.handleRequest (/Users/thamaraikannan/Desktop/finalfinance/api_personal_finance/node_modules/router/lib/layer.js:152:17)\n    at /Users/thamaraikannan/Desktop/finalfinance/api_personal_finance/node_modules/router/index.js:295:15\n    at processParams (/Users/thamaraikannan/Desktop/finalfinance/api_personal_finance/node_modules/router/index.js:582:12)\n    at next (/Users/thamaraikannan/Desktop/finalfinance/api_personal_finance/node_modules/router/index.js:291:5)\n    at authenticate (/Users/thamaraikannan/Desktop/finalfinance/api_personal_finance/src/middlewares/auth.middleware.ts:34:5)\n    at Layer.handleRequest (/Users/thamaraikannan/Desktop/finalfinance/api_personal_finance/node_modules/router/lib/layer.js:152:17)\n    at trimPrefix (/Users/thamaraikannan/Desktop/finalfinance/api_personal_finance/node_modules/router/index.js:342:13)\n    at /Users/thamaraikannan/Desktop/finalfinance/api_personal_finance/node_modules/router/index.js:297:9\n    at processParams (/Users/thamaraikannan/Desktop/finalfinance/api_personal_finance/node_modules/router/index.js:582:12)\n    at next (/Users/thamaraikannan/Desktop/finalfinance/api_personal_finance/node_modules/router/index.js:291:5)\n    at router.handle (/Users/thamaraikannan/Desktop/finalfinance/api_personal_finance/node_modules/router/index.js:186:3)","statusCode":422,"timestamp":"2026-03-14 18:35:56"}
{"level":"info","message":"POST /api/v1/clients 422 1.686 ms - 229","service":"api-service","timestamp":"2026-03-14 18:35:56"}
{"level":"info","message":"GET /api/v1/clients?page=1&limit=20 200 77.827 ms - 140","service":"api-service","timestamp":"2026-03-14 18:35:56"}
{"level":"info","message":"GET /api/v1/clients?page=1&limit=20 200 84.831 ms - 140","service":"api-service","timestamp":"2026-03-14 18:35:56"}
{"level":"info","message":"🚀 Server is running on port 3000","service":"api-service","timestamp":"2026-03-14 18:36:49"}
{"level":"info","message":"🌍 Environment: development","service":"api-service","timestamp":"2026-03-14 18:36:49"}
{"level":"info","message":"📡 API available at http://localhost:3000/api","service":"api-service","timestamp":"2026-03-14 18:36:49"}
{"level":"info","message":"POST /api/v1/clients 201 156.402 ms - 492","service":"api-service","timestamp":"2026-03-14 18:37:07"}
{"level":"info","message":"GET /api/v1/clients?page=1&limit=20 200 76.017 ms - 518","service":"api-service","timestamp":"2026-03-14 18:37:07"}
{"level":"info","message":"GET /api/v1/clients?page=1&limit=20 200 69.670 ms - 518","service":"api-service","timestamp":"2026-03-14 18:37:07"}
{"level":"info","message":"GET /api/v1/clients/69b55d7b104012116beecb77/certificates 200 75.967 ms - 130","service":"api-service","timestamp":"2026-03-14 18:37:16"}
{"level":"info","message":"GET /api/v1/clients/69b55d7b104012116beecb77 200 80.976 ms - 494","service":"api-service","timestamp":"2026-03-14 18:37:16"}
{"level":"info","message":"GET /api/v1/clients/69b55d7b104012116beecb77 200 63.733 ms - 494","service":"api-service","timestamp":"2026-03-14 18:37:16"}
{"level":"info","message":"GET /api/v1/clients/69b55d7b104012116beecb77/certificates 200 65.760 ms - 130","service":"api-service","timestamp":"2026-03-14 18:37:16"}
{"level":"info","message":"POST /api/v1/certificates 201 320.673 ms - 491","service":"api-service","timestamp":"2026-03-14 18:37:23"}
{"level":"info","message":"GET /api/v1/certificates/69b55d8b104012116beecb83 200 124.784 ms - 845","service":"api-service","timestamp":"2026-03-14 18:37:23"}
{"level":"info","message":"GET /api/v1/certificates/69b55d8b104012116beecb83/summary 200 189.057 ms - 476","service":"api-service","timestamp":"2026-03-14 18:37:24"}
{"level":"info","message":"GET /api/v1/certificates/69b55d8b104012116beecb83 200 128.324 ms - 845","service":"api-service","timestamp":"2026-03-14 18:37:24"}
{"level":"info","message":"GET /api/v1/certificates/69b55d8b104012116beecb83/summary 200 230.013 ms - 476","service":"api-service","timestamp":"2026-03-14 18:37:24"}
{"level":"info","message":"GET /api/v1/certificates/69b55d8b104012116beecb83 200 140.715 ms - 845","service":"api-service","timestamp":"2026-03-14 18:37:32"}
{"level":"info","message":"GET /api/v1/certificates/69b55d8b104012116beecb83/summary 200 198.912 ms - 476","service":"api-service","timestamp":"2026-03-14 18:37:32"}
{"level":"info","message":"GET /api/v1/certificates/69b55d8b104012116beecb83 200 165.599 ms - 845","service":"api-service","timestamp":"2026-03-14 18:37:32"}
{"level":"info","message":"GET /api/v1/certificates/69b55d8b104012116beecb83/summary 200 237.737 ms - 476","service":"api-service","timestamp":"2026-03-14 18:37:32"}
{"level":"info","message":"GET /api/v1/certificates/69b55d8b104012116beecb83/guarantors 200 78.988 ms - 305","service":"api-service","timestamp":"2026-03-14 18:37:36"}
{"level":"info","message":"GET /api/v1/certificates/69b55d8b104012116beecb83/guarantors 200 96.072 ms - 305","service":"api-service","timestamp":"2026-03-14 18:37:36"}
{"level":"info","message":"GET /api/v1/clients?page=1&limit=20 200 54.692 ms - 518","service":"api-service","timestamp":"2026-03-14 18:37:41"}
{"level":"info","message":"GET /api/v1/clients?page=1&limit=20 200 52.870 ms - 518","service":"api-service","timestamp":"2026-03-14 18:37:41"}
{"level":"info","message":"GET /api/v1/clients/69b55d7b104012116beecb77/certificates 200 67.035 ms - 497","service":"api-service","timestamp":"2026-03-14 18:37:55"}
{"level":"info","message":"GET /api/v1/clients/69b55d7b104012116beecb77 200 77.460 ms - 494","service":"api-service","timestamp":"2026-03-14 18:37:55"}
{"level":"info","message":"GET /api/v1/clients/69b55d7b104012116beecb77/certificates 200 58.371 ms - 497","service":"api-service","timestamp":"2026-03-14 18:37:55"}
{"level":"info","message":"GET /api/v1/clients/69b55d7b104012116beecb77 200 50.371 ms - 494","service":"api-service","timestamp":"2026-03-14 18:37:55"}
{"level":"error","message":"AppError: A certificate for FY 2026-27 already exists for this client","method":"POST","path":"/api/v1/certificates","service":"api-service","stack":"Error: A certificate for FY 2026-27 already exists for this client\n    at CertificateService.createCertificate (/Users/thamaraikannan/Desktop/finalfinance/api_personal_finance/src/services/certificateService.ts:29:13)\n    at process.processTicksAndRejections (node:internal/process/task_queues:103:5)\n    at async createCertificate (/Users/thamaraikannan/Desktop/finalfinance/api_personal_finance/src/controllers/certificate.controller.ts:12:20)","statusCode":409,"timestamp":"2026-03-14 18:38:01"}
{"level":"info","message":"POST /api/v1/certificates 409 184.483 ms - 128","service":"api-service","timestamp":"2026-03-14 18:38:01"}
{"level":"info","message":"GET /api/v1/certificates/69b55d8b104012116beecb83 200 117.607 ms - 845","service":"api-service","timestamp":"2026-03-14 18:38:07"}
{"level":"info","message":"GET /api/v1/certificates/69b55d8b104012116beecb83/summary 200 256.452 ms - 476","service":"api-service","timestamp":"2026-03-14 18:38:07"}
{"level":"info","message":"GET /api/v1/certificates/69b55d8b104012116beecb83 200 200.083 ms - 845","service":"api-service","timestamp":"2026-03-14 18:38:07"}
{"level":"info","message":"GET /api/v1/certificates/69b55d8b104012116beecb83/summary 200 182.048 ms - 476","service":"api-service","timestamp":"2026-03-14 18:38:07"}
{"level":"info","message":"GET /api/v1/certificates/69b55d8b104012116beecb83/annexure1 200 126.553 ms - 363","service":"api-service","timestamp":"2026-03-14 18:38:08"}
{"level":"info","message":"GET /api/v1/certificates/69b55d8b104012116beecb83/annexure1 200 52.625 ms - 363","service":"api-service","timestamp":"2026-03-14 18:38:08"}
{"level":"info","message":"GET /api/v1/clients?page=1&limit=20 200 63.660 ms - 518","service":"api-service","timestamp":"2026-03-14 18:39:17"}
{"level":"info","message":"GET /api/v1/clients?page=1&limit=20 200 68.066 ms - 518","service":"api-service","timestamp":"2026-03-14 18:39:17"}
{"level":"info","message":"GET /api/v1/clients/69b55d7b104012116beecb77/certificates 200 63.290 ms - 497","service":"api-service","timestamp":"2026-03-14 18:39:29"}
{"level":"info","message":"GET /api/v1/clients/69b55d7b104012116beecb77 200 66.708 ms - 494","service":"api-service","timestamp":"2026-03-14 18:39:29"}
{"level":"info","message":"GET /api/v1/clients/69b55d7b104012116beecb77 200 54.337 ms - 494","service":"api-service","timestamp":"2026-03-14 18:39:29"}
{"level":"info","message":"GET /api/v1/clients/69b55d7b104012116beecb77/certificates 200 59.593 ms - 497","service":"api-service","timestamp":"2026-03-14 18:39:29"}
{"level":"info","message":"GET /api/v1/certificates/69b55d8b104012116beecb83 200 132.821 ms - 845","service":"api-service","timestamp":"2026-03-14 18:39:31"}
{"level":"info","message":"GET /api/v1/certificates/69b55d8b104012116beecb83/summary 200 167.691 ms - 476","service":"api-service","timestamp":"2026-03-14 18:39:31"}
{"level":"info","message":"GET /api/v1/certificates/69b55d8b104012116beecb83 200 113.571 ms - 845","service":"api-service","timestamp":"2026-03-14 18:39:31"}
{"level":"info","message":"GET /api/v1/certificates/69b55d8b104012116beecb83/summary 200 199.665 ms - 476","service":"api-service","timestamp":"2026-03-14 18:39:32"}
{"level":"info","message":"GET /api/v1/certificates/69b55d8b104012116beecb83/annexure1 200 126.578 ms - 363","service":"api-service","timestamp":"2026-03-14 18:39:34"}
{"level":"info","message":"GET /api/v1/certificates/69b55d8b104012116beecb83/annexure1 200 79.454 ms - 363","service":"api-service","timestamp":"2026-03-14 18:39:34"}
{"level":"info","message":"POST /api/v1/certificates/69b55d8b104012116beecb83/annexure1/bySelf 201 329.967 ms - 830","service":"api-service","timestamp":"2026-03-14 18:39:45"}
{"level":"info","message":"GET /api/v1/certificates/69b55d8b104012116beecb83/annexure2 200 74.648 ms - 735","service":"api-service","timestamp":"2026-03-14 18:39:52"}
{"level":"info","message":"GET /api/v1/certificates/69b55d8b104012116beecb83/annexure2 200 54.777 ms - 735","service":"api-service","timestamp":"2026-03-14 18:39:52"}
{"level":"info","message":"GET /api/v1/certificates/69b55d8b104012116beecb83/liabilities 200 63.491 ms - 310","service":"api-service","timestamp":"2026-03-14 18:40:01"}
{"level":"info","message":"GET /api/v1/certificates/69b55d8b104012116beecb83 200 118.061 ms - 937","service":"api-service","timestamp":"2026-03-14 18:40:01"}
{"level":"info","message":"GET /api/v1/certificates/69b55d8b104012116beecb83/liabilities 200 52.312 ms - 310","service":"api-service","timestamp":"2026-03-14 18:40:01"}
{"level":"info","message":"GET /api/v1/certificates/69b55d8b104012116beecb83 200 177.493 ms - 937","service":"api-service","timestamp":"2026-03-14 18:40:02"}
{"level":"info","message":"GET /api/v1/certificates/69b55d8b104012116beecb83/guarantors 200 89.318 ms - 305","service":"api-service","timestamp":"2026-03-14 18:40:04"}
{"level":"info","message":"GET /api/v1/certificates/69b55d8b104012116beecb83/guarantors 200 59.104 ms - 305","service":"api-service","timestamp":"2026-03-14 18:40:04"}
{"level":"info","message":"GET /api/v1/certificates/69b55d8b104012116beecb83 200 155.782 ms - 937","service":"api-service","timestamp":"2026-03-14 18:40:06"}
{"level":"info","message":"GET /api/v1/certificates/69b55d8b104012116beecb83/summary 200 221.864 ms - 568","service":"api-service","timestamp":"2026-03-14 18:40:06"}
{"level":"info","message":"GET /api/v1/certificates/69b55d8b104012116beecb83 200 127.135 ms - 937","service":"api-service","timestamp":"2026-03-14 18:40:06"}
{"level":"info","message":"GET /api/v1/certificates/69b55d8b104012116beecb83/summary 200 175.792 ms - 568","service":"api-service","timestamp":"2026-03-14 18:40:06"}
{"level":"info","message":"PATCH /api/v1/certificates/69b55d8b104012116beecb83/finalize 200 298.630 ms - 982","service":"api-service","timestamp":"2026-03-14 18:40:13"}
{"level":"info","message":"GET /api/v1/certificates/69b55d8b104012116beecb83/summary 200 164.816 ms - 572","service":"api-service","timestamp":"2026-03-14 18:40:13"}
{"level":"info","message":"GET /api/v1/api/v1/certificates/69b55d8b104012116beecb83/export/excel 404 0.603 ms - 150","service":"api-service","timestamp":"2026-03-14 18:40:17"}
{"level":"info","message":"GET /favicon.ico 404 0.099 ms - 97","service":"api-service","timestamp":"2026-03-14 18:40:17"}
{"level":"info","message":"GET /api/v1/certificates/69b55d8b104012116beecb83 200 112.708 ms - 982","service":"api-service","timestamp":"2026-03-14 18:50:41"}
{"level":"info","message":"GET /api/v1/certificates/69b55d8b104012116beecb83/summary 200 212.376 ms - 572","service":"api-service","timestamp":"2026-03-14 18:50:41"}
{"level":"info","message":"GET /api/v1/certificates/69b55d8b104012116beecb83 200 104.520 ms - 982","service":"api-service","timestamp":"2026-03-14 18:50:41"}
{"level":"info","message":"GET /api/v1/certificates/69b55d8b104012116beecb83/summary 200 190.940 ms - 572","service":"api-service","timestamp":"2026-03-14 18:50:41"}
{"level":"info","message":"GET /api/v1/clients?page=1&limit=20 200 965.690 ms - 518","service":"api-service","timestamp":"2026-03-14 19:04:58"}
{"level":"info","message":"GET /api/v1/clients?page=1&limit=20 200 72.789 ms - 518","service":"api-service","timestamp":"2026-03-14 19:04:58"}
{"level":"info","message":"GET /api/v1/clients/69b55d7b104012116beecb77/certificates 200 100.423 ms - 634","service":"api-service","timestamp":"2026-03-14 19:06:34"}
{"level":"info","message":"GET /api/v1/clients/69b55d7b104012116beecb77 200 103.072 ms - 494","service":"api-service","timestamp":"2026-03-14 19:06:34"}
{"level":"info","message":"GET /api/v1/clients/69b55d7b104012116beecb77/certificates 200 66.830 ms - 634","service":"api-service","timestamp":"2026-03-14 19:06:34"}
{"level":"info","message":"GET /api/v1/clients/69b55d7b104012116beecb77 200 69.727 ms - 494","service":"api-service","timestamp":"2026-03-14 19:06:34"}
{"level":"info","message":"GET /api/v1/certificates/69b55d8b104012116beecb83 200 170.345 ms - 982","service":"api-service","timestamp":"2026-03-14 19:07:33"}
{"level":"info","message":"GET /api/v1/certificates/69b55d8b104012116beecb83/summary 200 279.097 ms - 572","service":"api-service","timestamp":"2026-03-14 19:07:33"}
{"level":"info","message":"GET /api/v1/certificates/69b55d8b104012116beecb83 200 132.326 ms - 982","service":"api-service","timestamp":"2026-03-14 19:07:34"}
{"level":"info","message":"GET /api/v1/certificates/69b55d8b104012116beecb83/summary 200 198.943 ms - 572","service":"api-service","timestamp":"2026-03-14 19:07:34"}
{"level":"info","message":"GET /api/v1/certificates/69b55d8b104012116beecb83/annexure1 200 156.697 ms - 832","service":"api-service","timestamp":"2026-03-14 19:07:52"}
{"level":"info","message":"GET /api/v1/certificates/69b55d8b104012116beecb83/annexure1 200 62.095 ms - 832","service":"api-service","timestamp":"2026-03-14 19:07:52"}
{"level":"info","message":"GET /api/v1/certificates/69b55d8b104012116beecb83/annexure1 200 78.315 ms - 832","service":"api-service","timestamp":"2026-03-14 19:08:38"}
{"level":"info","message":"GET /api/v1/certificates/69b55d8b104012116beecb83/annexure1 200 73.125 ms - 832","service":"api-service","timestamp":"2026-03-14 19:08:39"}
{"level":"info","message":"GET /api/v1/certificates/69b55d8b104012116beecb83 200 165.493 ms - 982","service":"api-service","timestamp":"2026-03-14 19:09:04"}
{"level":"info","message":"GET /api/v1/certificates/69b55d8b104012116beecb83/summary 200 206.078 ms - 572","service":"api-service","timestamp":"2026-03-14 19:09:04"}
{"level":"info","message":"GET /api/v1/certificates/69b55d8b104012116beecb83 200 135.441 ms - 982","service":"api-service","timestamp":"2026-03-14 19:09:04"}
{"level":"info","message":"GET /api/v1/certificates/69b55d8b104012116beecb83/summary 200 200.932 ms - 572","service":"api-service","timestamp":"2026-03-14 19:09:04"}
{"level":"info","message":"GET /api/v1/certificates/69b55d8b104012116beecb83/liabilities 200 176.246 ms - 310","service":"api-service","timestamp":"2026-03-14 19:09:26"}
{"level":"info","message":"GET /api/v1/certificates/69b55d8b104012116beecb83 200 238.285 ms - 982","service":"api-service","timestamp":"2026-03-14 19:09:26"}
{"level":"info","message":"GET /api/v1/certificates/69b55d8b104012116beecb83/liabilities 200 65.692 ms - 310","service":"api-service","timestamp":"2026-03-14 19:09:26"}
{"level":"info","message":"GET /api/v1/certificates/69b55d8b104012116beecb83 200 116.826 ms - 982","service":"api-service","timestamp":"2026-03-14 19:09:26"}
{"level":"info","message":"GET /api/v1/certificates/69b55d8b104012116beecb83 200 135.314 ms - 982","service":"api-service","timestamp":"2026-03-14 19:09:32"}
{"level":"info","message":"GET /api/v1/certificates/69b55d8b104012116beecb83/summary 200 208.123 ms - 572","service":"api-service","timestamp":"2026-03-14 19:09:32"}
{"level":"info","message":"GET /api/v1/certificates/69b55d8b104012116beecb83 200 118.669 ms - 982","service":"api-service","timestamp":"2026-03-14 19:09:32"}
{"level":"info","message":"GET /api/v1/certificates/69b55d8b104012116beecb83/summary 200 279.522 ms - 572","service":"api-service","timestamp":"2026-03-14 19:09:32"}
{"level":"info","message":"GET /api/v1/certificates/69b55d8b104012116beecb83/annexure1 200 115.196 ms - 832","service":"api-service","timestamp":"2026-03-14 19:13:55"}
{"level":"info","message":"GET /api/v1/certificates/69b55d8b104012116beecb83/annexure1 200 67.346 ms - 832","service":"api-service","timestamp":"2026-03-14 19:13:56"}
{"level":"info","message":"GET /api/v1/certificates/69b55d8b104012116beecb83/annexure2 200 85.685 ms - 735","service":"api-service","timestamp":"2026-03-14 19:13:58"}
{"level":"info","message":"GET /api/v1/certificates/69b55d8b104012116beecb83/annexure2 200 74.147 ms - 735","service":"api-service","timestamp":"2026-03-14 19:13:58"}
{"level":"info","message":"GET /api/v1/certificates/69b55d8b104012116beecb83/liabilities 200 65.420 ms - 310","service":"api-service","timestamp":"2026-03-14 19:14:01"}
{"level":"info","message":"GET /api/v1/certificates/69b55d8b104012116beecb83/liabilities 200 67.421 ms - 310","service":"api-service","timestamp":"2026-03-14 19:14:01"}
{"level":"info","message":"GET /api/v1/certificates/69b55d8b104012116beecb83 200 144.914 ms - 982","service":"api-service","timestamp":"2026-03-14 19:14:01"}
{"level":"info","message":"GET /api/v1/certificates/69b55d8b104012116beecb83 200 128.826 ms - 982","service":"api-service","timestamp":"2026-03-14 19:14:02"}
{"level":"info","message":"GET /api/v1/certificates/69b55d8b104012116beecb83/guarantors 200 79.874 ms - 305","service":"api-service","timestamp":"2026-03-14 19:14:04"}
{"level":"info","message":"GET /api/v1/certificates/69b55d8b104012116beecb83/guarantors 200 77.593 ms - 305","service":"api-service","timestamp":"2026-03-14 19:14:04"}
{"level":"info","message":"GET /api/v1/certificates/69b55d8b104012116beecb83 200 209.832 ms - 982","service":"api-service","timestamp":"2026-03-14 19:14:07"}
{"level":"info","message":"GET /api/v1/certificates/69b55d8b104012116beecb83/summary 200 247.939 ms - 572","service":"api-service","timestamp":"2026-03-14 19:14:07"}
{"level":"info","message":"GET /api/v1/certificates/69b55d8b104012116beecb83 200 169.125 ms - 982","service":"api-service","timestamp":"2026-03-14 19:14:07"}
{"level":"info","message":"GET /api/v1/certificates/69b55d8b104012116beecb83/summary 200 220.698 ms - 572","service":"api-service","timestamp":"2026-03-14 19:14:07"}
{"level":"info","message":"GET /api/v1/certificates/69b55d8b104012116beecb83 200 189.121 ms - 982","service":"api-service","timestamp":"2026-03-14 19:14:10"}
{"level":"info","message":"GET /api/v1/certificates/69b55d8b104012116beecb83/summary 200 258.335 ms - 572","service":"api-service","timestamp":"2026-03-14 19:14:10"}
{"level":"info","message":"GET /api/v1/certificates/69b55d8b104012116beecb83 200 126.069 ms - 982","service":"api-service","timestamp":"2026-03-14 19:14:10"}
{"level":"info","message":"GET /api/v1/certificates/69b55d8b104012116beecb83/summary 200 221.043 ms - 572","service":"api-service","timestamp":"2026-03-14 19:14:10"}
{"level":"info","message":"GET /api/v1/certificates/69b55d8b104012116beecb83 200 141.784 ms - 982","service":"api-service","timestamp":"2026-03-14 19:14:31"}
{"level":"info","message":"GET /api/v1/certificates/69b55d8b104012116beecb83/summary 200 267.099 ms - 572","service":"api-service","timestamp":"2026-03-14 19:14:31"}
{"level":"info","message":"GET /api/v1/certificates/69b55d8b104012116beecb83 200 193.796 ms - 982","service":"api-service","timestamp":"2026-03-14 19:14:31"}
{"level":"info","message":"GET /api/v1/certificates/69b55d8b104012116beecb83/summary 200 256.780 ms - 572","service":"api-service","timestamp":"2026-03-14 19:14:31"}
{"level":"info","message":"GET /api/v1/certificates/69b55d8b104012116beecb83 200 140.349 ms - 982","service":"api-service","timestamp":"2026-03-14 19:14:34"}
{"level":"info","message":"GET /api/v1/certificates/69b55d8b104012116beecb83 200 156.803 ms - 982","service":"api-service","timestamp":"2026-03-14 19:14:34"}
{"level":"info","message":"GET /api/v1/certificates/69b55d8b104012116beecb83/summary 200 307.984 ms - 572","service":"api-service","timestamp":"2026-03-14 19:14:34"}
{"level":"info","message":"GET /api/v1/certificates/69b55d8b104012116beecb83/summary 200 232.889 ms - 572","service":"api-service","timestamp":"2026-03-14 19:14:35"}
{"level":"info","message":"GET /api/v1/certificates/69b55d8b104012116beecb83/annexure1 200 107.627 ms - 832","service":"api-service","timestamp":"2026-03-14 19:14:41"}
{"level":"info","message":"GET /api/v1/certificates/69b55d8b104012116beecb83/annexure1 200 57.863 ms - 832","service":"api-service","timestamp":"2026-03-14 19:14:41"}
{"level":"info","message":"GET /api/v1/certificates/69b55d8b104012116beecb83 200 157.970 ms - 982","service":"api-service","timestamp":"2026-03-14 19:14:48"}
{"level":"info","message":"GET /api/v1/certificates/69b55d8b104012116beecb83/summary 200 223.563 ms - 572","service":"api-service","timestamp":"2026-03-14 19:14:48"}
{"level":"info","message":"GET /api/v1/certificates/69b55d8b104012116beecb83 200 155.501 ms - 982","service":"api-service","timestamp":"2026-03-14 19:14:48"}
{"level":"info","message":"GET /api/v1/certificates/69b55d8b104012116beecb83/summary 200 261.947 ms - 572","service":"api-service","timestamp":"2026-03-14 19:14:48"}
{"level":"info","message":"GET /api/v1/certificates/69b55d8b104012116beecb83/annexure1 200 85.808 ms - 832","service":"api-service","timestamp":"2026-03-14 19:14:53"}
{"level":"info","message":"GET /api/v1/certificates/69b55d8b104012116beecb83/annexure1 200 78.725 ms - 832","service":"api-service","timestamp":"2026-03-14 19:14:53"}
{"level":"info","message":"🚀 Server is running on port 3000","service":"api-service","timestamp":"2026-03-14 19:21:20"}
{"level":"info","message":"🌍 Environment: development","service":"api-service","timestamp":"2026-03-14 19:21:20"}
{"level":"info","message":"📡 API available at http://localhost:3000/api","service":"api-service","timestamp":"2026-03-14 19:21:20"}
{"level":"info","message":"🚀 Server is running on port 3000","service":"api-service","timestamp":"2026-03-14 19:21:25"}
{"level":"info","message":"🌍 Environment: development","service":"api-service","timestamp":"2026-03-14 19:21:25"}
{"level":"info","message":"📡 API available at http://localhost:3000/api","service":"api-service","timestamp":"2026-03-14 19:21:25"}
{"level":"info","message":"🚀 Server is running on port 3000","service":"api-service","timestamp":"2026-03-14 19:21:29"}
{"level":"info","message":"🌍 Environment: development","service":"api-service","timestamp":"2026-03-14 19:21:29"}
{"level":"info","message":"📡 API available at http://localhost:3000/api","service":"api-service","timestamp":"2026-03-14 19:21:29"}
{"level":"info","message":"🚀 Server is running on port 3000","service":"api-service","timestamp":"2026-03-14 19:21:33"}
{"level":"info","message":"🌍 Environment: development","service":"api-service","timestamp":"2026-03-14 19:21:33"}
{"level":"info","message":"📡 API available at http://localhost:3000/api","service":"api-service","timestamp":"2026-03-14 19:21:33"}
{"level":"info","message":"🚀 Server is running on port 3000","service":"api-service","timestamp":"2026-03-14 19:21:46"}
{"level":"info","message":"🌍 Environment: development","service":"api-service","timestamp":"2026-03-14 19:21:46"}
{"level":"info","message":"📡 API available at http://localhost:3000/api","service":"api-service","timestamp":"2026-03-14 19:21:46"}
{"level":"info","message":"POST /api/v1/certificates/69b55d8b104012116beecb83/annexure1/bySelf 201 363.797 ms - 1428","service":"api-service","timestamp":"2026-03-14 19:23:42"}
{"level":"info","message":"GET /api/v1/certificates/69b55d8b104012116beecb83/annexure1 200 73.306 ms - 1430","service":"api-service","timestamp":"2026-03-14 19:23:50"}
{"level":"info","message":"GET /api/v1/certificates/69b55d8b104012116beecb83/annexure1 200 81.765 ms - 1430","service":"api-service","timestamp":"2026-03-14 19:23:50"}
{"level":"info","message":"PUT /api/v1/certificates/69b55d8b104012116beecb83/annexure1/bySelf/69b5686668f48c2cba08e041 200 295.934 ms - 1430","service":"api-service","timestamp":"2026-03-14 19:23:57"}
{"level":"info","message":"GET /api/v1/certificates/69b55d8b104012116beecb83/annexure2 200 148.709 ms - 735","service":"api-service","timestamp":"2026-03-14 19:25:45"}
{"level":"info","message":"GET /api/v1/certificates/69b55d8b104012116beecb83/annexure2 200 71.749 ms - 735","service":"api-service","timestamp":"2026-03-14 19:25:45"}
{"level":"info","message":"GET /api/v1/certificates/69b55d8b104012116beecb83/annexure2 200 127.451 ms - 735","service":"api-service","timestamp":"2026-03-14 19:28:51"}
{"level":"info","message":"GET /api/v1/certificates/69b55d8b104012116beecb83/annexure2 200 72.210 ms - 735","service":"api-service","timestamp":"2026-03-14 19:28:51"}
{"level":"info","message":"🚀 Server is running on port 3000","service":"api-service","timestamp":"2026-03-14 19:28:58"}
{"level":"info","message":"🌍 Environment: development","service":"api-service","timestamp":"2026-03-14 19:28:58"}
{"level":"info","message":"📡 API available at http://localhost:3000/api","service":"api-service","timestamp":"2026-03-14 19:28:58"}
{"level":"info","message":"🚀 Server is running on port 3000","service":"api-service","timestamp":"2026-03-14 19:29:06"}
{"level":"info","message":"🌍 Environment: development","service":"api-service","timestamp":"2026-03-14 19:29:06"}
{"level":"info","message":"📡 API available at http://localhost:3000/api","service":"api-service","timestamp":"2026-03-14 19:29:06"}
{"level":"info","message":"🚀 Server is running on port 3000","service":"api-service","timestamp":"2026-03-14 19:29:16"}
{"level":"info","message":"🌍 Environment: development","service":"api-service","timestamp":"2026-03-14 19:29:16"}
{"level":"info","message":"📡 API available at http://localhost:3000/api","service":"api-service","timestamp":"2026-03-14 19:29:16"}
{"level":"info","message":"🚀 Server is running on port 3000","service":"api-service","timestamp":"2026-03-14 19:29:22"}
{"level":"info","message":"🌍 Environment: development","service":"api-service","timestamp":"2026-03-14 19:29:22"}
{"level":"info","message":"📡 API available at http://localhost:3000/api","service":"api-service","timestamp":"2026-03-14 19:29:22"}
{"level":"info","message":"GET /api/v1/clients?page=1&limit=5 200 83.939 ms - 518","service":"api-service","timestamp":"2026-03-14 19:31:54"}
{"level":"info","message":"GET /api/v1/clients?page=1&limit=5 200 97.590 ms - 518","service":"api-service","timestamp":"2026-03-14 19:31:54"}
{"level":"info","message":"GET /api/v1/clients?page=1&limit=5 200 73.983 ms - 518","service":"api-service","timestamp":"2026-03-14 19:31:56"}
{"level":"info","message":"GET /api/v1/clients?page=1&limit=5 200 73.744 ms - 518","service":"api-service","timestamp":"2026-03-14 19:31:56"}
{"level":"info","message":"GET /api/v1/clients?page=1&limit=20 200 367.705 ms - 518","service":"api-service","timestamp":"2026-03-14 19:32:11"}
{"level":"info","message":"GET /api/v1/clients?page=1&limit=20 200 70.919 ms - 518","service":"api-service","timestamp":"2026-03-14 19:32:11"}
{"level":"info","message":"GET /api/v1/clients?page=1&limit=5 200 77.272 ms - 518","service":"api-service","timestamp":"2026-03-14 19:32:12"}
{"level":"info","message":"GET /api/v1/clients?page=1&limit=5 200 71.513 ms - 518","service":"api-service","timestamp":"2026-03-14 19:32:12"}
{"level":"info","message":"GET /api/v1/clients/69b55d7b104012116beecb77 200 125.615 ms - 494","service":"api-service","timestamp":"2026-03-14 19:32:15"}
{"level":"info","message":"GET /api/v1/clients/69b55d7b104012116beecb77/certificates 200 127.307 ms - 629","service":"api-service","timestamp":"2026-03-14 19:32:15"}
{"level":"info","message":"GET /api/v1/clients/69b55d7b104012116beecb77 200 60.414 ms - 494","service":"api-service","timestamp":"2026-03-14 19:32:16"}
{"level":"info","message":"GET /api/v1/clients/69b55d7b104012116beecb77/certificates 200 65.008 ms - 629","service":"api-service","timestamp":"2026-03-14 19:32:16"}
{"level":"info","message":"GET /api/v1/clients?page=1&limit=5 200 75.145 ms - 518","service":"api-service","timestamp":"2026-03-14 19:32:17"}
{"level":"info","message":"GET /api/v1/clients?page=1&limit=5 200 77.459 ms - 518","service":"api-service","timestamp":"2026-03-14 19:32:17"}
{"level":"info","message":"GET /api/v1/clients?page=1&limit=20 200 108.710 ms - 518","service":"api-service","timestamp":"2026-03-14 19:32:25"}
{"level":"info","message":"GET /api/v1/clients?page=1&limit=20 200 78.003 ms - 518","service":"api-service","timestamp":"2026-03-14 19:32:26"}
{"level":"info","message":"GET /api/v1/clients/69b55d7b104012116beecb77 200 99.251 ms - 494","service":"api-service","timestamp":"2026-03-14 19:32:28"}
{"level":"info","message":"GET /api/v1/clients/69b55d7b104012116beecb77 200 73.825 ms - 494","service":"api-service","timestamp":"2026-03-14 19:32:28"}
{"level":"info","message":"PUT /api/v1/clients/69b55d7b104012116beecb77 200 161.350 ms - 515","service":"api-service","timestamp":"2026-03-14 19:32:37"}
{"level":"info","message":"GET /api/v1/clients?page=1&limit=20 200 68.954 ms - 541","service":"api-service","timestamp":"2026-03-14 19:32:37"}
{"level":"info","message":"GET /api/v1/clients?page=1&limit=20 200 78.534 ms - 541","service":"api-service","timestamp":"2026-03-14 19:32:37"}
{"level":"info","message":"GET /api/v1/clients?page=1&limit=20 200 68.710 ms - 541","service":"api-service","timestamp":"2026-03-14 19:33:46"}
{"level":"info","message":"GET /api/v1/clients?page=1&limit=20 200 64.788 ms - 541","service":"api-service","timestamp":"2026-03-14 19:33:46"}
{"level":"info","message":"GET /api/v1/clients/69b55d7b104012116beecb77 200 74.690 ms - 517","service":"api-service","timestamp":"2026-03-14 19:33:49"}
{"level":"info","message":"GET /api/v1/clients/69b55d7b104012116beecb77/certificates 200 75.351 ms - 629","service":"api-service","timestamp":"2026-03-14 19:33:49"}
{"level":"info","message":"GET /api/v1/clients/69b55d7b104012116beecb77/certificates 200 66.812 ms - 629","service":"api-service","timestamp":"2026-03-14 19:33:49"}
{"level":"info","message":"GET /api/v1/clients/69b55d7b104012116beecb77 200 69.083 ms - 517","service":"api-service","timestamp":"2026-03-14 19:33:49"}
{"level":"info","message":"GET /api/v1/clients/69b55d7b104012116beecb77 200 64.169 ms - 517","service":"api-service","timestamp":"2026-03-14 19:33:54"}
{"level":"info","message":"GET /api/v1/clients/69b55d7b104012116beecb77 200 69.763 ms - 517","service":"api-service","timestamp":"2026-03-14 19:33:54"}
{"level":"info","message":"PUT /api/v1/clients/69b55d7b104012116beecb77 200 189.613 ms - 525","service":"api-service","timestamp":"2026-03-14 19:34:00"}
{"level":"info","message":"GET /api/v1/clients?page=1&limit=20 200 100.966 ms - 551","service":"api-service","timestamp":"2026-03-14 19:34:01"}
{"level":"info","message":"GET /api/v1/clients?page=1&limit=20 200 71.300 ms - 551","service":"api-service","timestamp":"2026-03-14 19:34:01"}
{"level":"info","message":"GET /api/v1/clients/69b55d7b104012116beecb77 200 126.521 ms - 527","service":"api-service","timestamp":"2026-03-14 19:34:03"}
{"level":"info","message":"GET /api/v1/clients/69b55d7b104012116beecb77 200 70.494 ms - 527","service":"api-service","timestamp":"2026-03-14 19:34:03"}
{"level":"info","message":"PUT /api/v1/clients/69b55d7b104012116beecb77 200 243.206 ms - 557","service":"api-service","timestamp":"2026-03-14 19:34:15"}
{"level":"info","message":"GET /api/v1/clients?page=1&limit=20 200 72.974 ms - 583","service":"api-service","timestamp":"2026-03-14 19:34:15"}
{"level":"info","message":"GET /api/v1/clients?page=1&limit=20 200 118.584 ms - 583","service":"api-service","timestamp":"2026-03-14 19:34:15"}
{"level":"info","message":"GET /api/v1/clients/69b55d7b104012116beecb77 200 70.857 ms - 559","service":"api-service","timestamp":"2026-03-14 19:34:20"}
{"level":"info","message":"GET /api/v1/clients/69b55d7b104012116beecb77 200 74.650 ms - 559","service":"api-service","timestamp":"2026-03-14 19:34:20"}
{"level":"info","message":"GET /api/v1/clients?page=1&limit=20 200 77.014 ms - 583","service":"api-service","timestamp":"2026-03-14 19:35:45"}
{"level":"info","message":"GET /api/v1/clients?page=1&limit=20 200 72.558 ms - 583","service":"api-service","timestamp":"2026-03-14 19:35:45"}
{"level":"info","message":"GET /api/v1/clients/69b55d7b104012116beecb77 200 65.558 ms - 559","service":"api-service","timestamp":"2026-03-14 19:35:56"}
{"level":"info","message":"GET /api/v1/clients/69b55d7b104012116beecb77 200 69.067 ms - 559","service":"api-service","timestamp":"2026-03-14 19:35:56"}
{"level":"info","message":"PUT /api/v1/clients/69b55d7b104012116beecb77 200 151.149 ms - 570","service":"api-service","timestamp":"2026-03-14 19:36:04"}
{"level":"info","message":"GET /api/v1/clients?page=1&limit=20 200 66.994 ms - 596","service":"api-service","timestamp":"2026-03-14 19:36:04"}
{"level":"info","message":"GET /api/v1/clients?page=1&limit=20 200 69.927 ms - 596","service":"api-service","timestamp":"2026-03-14 19:36:04"}
{"level":"info","message":"GET /api/v1/clients/69b55d7b104012116beecb77 200 60.575 ms - 572","service":"api-service","timestamp":"2026-03-14 19:36:06"}
{"level":"info","message":"GET /api/v1/clients/69b55d7b104012116beecb77 200 65.312 ms - 572","service":"api-service","timestamp":"2026-03-14 19:36:06"}
{"level":"info","message":"PUT /api/v1/clients/69b55d7b104012116beecb77 200 148.774 ms - 580","service":"api-service","timestamp":"2026-03-14 19:36:14"}
{"level":"info","message":"GET /api/v1/clients?page=1&limit=20 200 79.095 ms - 606","service":"api-service","timestamp":"2026-03-14 19:36:15"}
{"level":"info","message":"GET /api/v1/clients?page=1&limit=20 200 63.476 ms - 606","service":"api-service","timestamp":"2026-03-14 19:36:15"}
{"level":"info","message":"GET /api/v1/clients/69b55d7b104012116beecb77 200 65.181 ms - 582","service":"api-service","timestamp":"2026-03-14 19:36:16"}
{"level":"info","message":"GET /api/v1/clients/69b55d7b104012116beecb77/certificates 200 63.830 ms - 629","service":"api-service","timestamp":"2026-03-14 19:36:16"}
{"level":"info","message":"GET /api/v1/clients/69b55d7b104012116beecb77/certificates 200 63.364 ms - 629","service":"api-service","timestamp":"2026-03-14 19:36:16"}
{"level":"info","message":"GET /api/v1/clients/69b55d7b104012116beecb77 200 65.520 ms - 582","service":"api-service","timestamp":"2026-03-14 19:36:16"}
{"level":"info","message":"GET /api/v1/certificates/69b55d8b104012116beecb83 200 209.165 ms - 1065","service":"api-service","timestamp":"2026-03-14 19:36:27"}
{"level":"info","message":"GET /api/v1/certificates/69b55d8b104012116beecb83/summary 200 288.502 ms - 645","service":"api-service","timestamp":"2026-03-14 19:36:27"}
{"level":"info","message":"GET /api/v1/certificates/69b55d8b104012116beecb83 200 150.589 ms - 1065","service":"api-service","timestamp":"2026-03-14 19:36:27"}
{"level":"info","message":"GET /api/v1/certificates/69b55d8b104012116beecb83/summary 200 208.744 ms - 645","service":"api-service","timestamp":"2026-03-14 19:36:27"}
{"level":"info","message":"GET /api/v1/certificates/69b55d8b104012116beecb83/annexure1 200 119.142 ms - 1430","service":"api-service","timestamp":"2026-03-14 19:36:29"}
{"level":"info","message":"GET /api/v1/certificates/69b55d8b104012116beecb83/annexure1 200 63.464 ms - 1430","service":"api-service","timestamp":"2026-03-14 19:36:29"}
{"level":"info","message":"GET /api/v1/certificates/69b55d8b104012116beecb83 200 167.011 ms - 1065","service":"api-service","timestamp":"2026-03-14 19:36:33"}
{"level":"info","message":"GET /api/v1/certificates/69b55d8b104012116beecb83/summary 200 240.785 ms - 645","service":"api-service","timestamp":"2026-03-14 19:36:34"}
{"level":"info","message":"GET /api/v1/certificates/69b55d8b104012116beecb83 200 141.562 ms - 1065","service":"api-service","timestamp":"2026-03-14 19:36:34"}
{"level":"info","message":"GET /api/v1/certificates/69b55d8b104012116beecb83/summary 200 225.457 ms - 645","service":"api-service","timestamp":"2026-03-14 19:36:34"}
{"level":"info","message":"GET /api/v1/certificates/69b55d8b104012116beecb83/annexure1 200 85.492 ms - 1430","service":"api-service","timestamp":"2026-03-14 19:36:58"}
{"level":"info","message":"GET /api/v1/certificates/69b55d8b104012116beecb83/annexure1 200 68.531 ms - 1430","service":"api-service","timestamp":"2026-03-14 19:36:58"}
{"level":"info","message":"GET /api/v1/certificates/69b55d8b104012116beecb83/annexure2 200 153.908 ms - 735","service":"api-service","timestamp":"2026-03-14 19:37:02"}
{"level":"info","message":"GET /api/v1/certificates/69b55d8b104012116beecb83/annexure2 200 65.862 ms - 735","service":"api-service","timestamp":"2026-03-14 19:37:02"}
{"level":"info","message":"GET /api/v1/certificates/69b55d8b104012116beecb83/liabilities 200 75.562 ms - 310","service":"api-service","timestamp":"2026-03-14 19:37:03"}
{"level":"info","message":"GET /api/v1/certificates/69b55d8b104012116beecb83 200 141.114 ms - 1065","service":"api-service","timestamp":"2026-03-14 19:37:03"}
{"level":"info","message":"GET /api/v1/certificates/69b55d8b104012116beecb83/liabilities 200 67.131 ms - 310","service":"api-service","timestamp":"2026-03-14 19:37:03"}
{"level":"info","message":"GET /api/v1/certificates/69b55d8b104012116beecb83 200 137.868 ms - 1065","service":"api-service","timestamp":"2026-03-14 19:37:03"}
{"level":"info","message":"GET /api/v1/certificates/69b55d8b104012116beecb83/guarantors 200 93.906 ms - 305","service":"api-service","timestamp":"2026-03-14 19:37:04"}
{"level":"info","message":"GET /api/v1/certificates/69b55d8b104012116beecb83/guarantors 200 67.985 ms - 305","service":"api-service","timestamp":"2026-03-14 19:37:04"}
{"level":"info","message":"GET /api/v1/certificates/69b55d8b104012116beecb83/liabilities 200 67.042 ms - 310","service":"api-service","timestamp":"2026-03-14 19:37:59"}
{"level":"info","message":"GET /api/v1/certificates/69b55d8b104012116beecb83/liabilities 200 64.213 ms - 310","service":"api-service","timestamp":"2026-03-14 19:37:59"}
{"level":"info","message":"GET /api/v1/certificates/69b55d8b104012116beecb83 200 145.715 ms - 1065","service":"api-service","timestamp":"2026-03-14 19:37:59"}
{"level":"info","message":"GET /api/v1/certificates/69b55d8b104012116beecb83 200 128.437 ms - 1065","service":"api-service","timestamp":"2026-03-14 19:37:59"}
{"level":"info","message":"GET /api/v1/certificates/69b55d8b104012116beecb83/annexure2 200 75.841 ms - 735","service":"api-service","timestamp":"2026-03-14 19:38:01"}
{"level":"info","message":"GET /api/v1/certificates/69b55d8b104012116beecb83/annexure2 200 75.370 ms - 735","service":"api-service","timestamp":"2026-03-14 19:38:01"}
{"level":"info","message":"GET /api/v1/certificates/69b55d8b104012116beecb83/annexure2 200 73.761 ms - 735","service":"api-service","timestamp":"2026-03-14 19:38:18"}
{"level":"info","message":"GET /api/v1/certificates/69b55d8b104012116beecb83/annexure2 200 68.901 ms - 735","service":"api-service","timestamp":"2026-03-14 19:38:18"}
{"level":"info","message":"GET /api/v1/certificates/69b55d8b104012116beecb83/annexure2 200 73.682 ms - 735","service":"api-service","timestamp":"2026-03-14 19:39:16"}
{"level":"info","message":"GET /api/v1/certificates/69b55d8b104012116beecb83/annexure2 200 67.481 ms - 735","service":"api-service","timestamp":"2026-03-14 19:39:16"}
{"level":"info","message":"GET /api/v1/certificates/69b55d8b104012116beecb83/annexure2 200 119.752 ms - 735","service":"api-service","timestamp":"2026-03-14 19:39:20"}
{"level":"info","message":"GET /api/v1/certificates/69b55d8b104012116beecb83/annexure2 200 72.816 ms - 735","service":"api-service","timestamp":"2026-03-14 19:39:20"}
{"level":"info","message":"GET /api/v1/certificates/69b55d8b104012116beecb83/liabilities 200 107.882 ms - 310","service":"api-service","timestamp":"2026-03-14 19:39:45"}
{"level":"info","message":"GET /api/v1/certificates/69b55d8b104012116beecb83 200 178.919 ms - 1065","service":"api-service","timestamp":"2026-03-14 19:39:45"}
{"level":"info","message":"GET /api/v1/certificates/69b55d8b104012116beecb83/liabilities 200 72.808 ms - 310","service":"api-service","timestamp":"2026-03-14 19:39:45"}
{"level":"info","message":"GET /api/v1/certificates/69b55d8b104012116beecb83 200 171.047 ms - 1065","service":"api-service","timestamp":"2026-03-14 19:39:45"}
{"level":"info","message":"GET /api/v1/certificates/69b55d8b104012116beecb83/guarantors 200 66.443 ms - 305","service":"api-service","timestamp":"2026-03-14 19:39:47"}
{"level":"info","message":"GET /api/v1/certificates/69b55d8b104012116beecb83/guarantors 200 108.605 ms - 305","service":"api-service","timestamp":"2026-03-14 19:39:47"}
{"level":"info","message":"POST /api/v1/certificates/69b55d8b104012116beecb83/guarantors/item 201 224.371 ms - 416","service":"api-service","timestamp":"2026-03-14 19:40:20"}
{"level":"info","message":"GET /api/v1/certificates/69b55d8b104012116beecb83 200 167.683 ms - 1065","service":"api-service","timestamp":"2026-03-14 19:40:30"}
{"level":"info","message":"GET /api/v1/certificates/69b55d8b104012116beecb83/summary 200 230.855 ms - 645","service":"api-service","timestamp":"2026-03-14 19:40:30"}
{"level":"info","message":"GET /api/v1/certificates/69b55d8b104012116beecb83 200 146.562 ms - 1065","service":"api-service","timestamp":"2026-03-14 19:40:30"}
{"level":"info","message":"GET /api/v1/certificates/69b55d8b104012116beecb83/summary 200 208.273 ms - 645","service":"api-service","timestamp":"2026-03-14 19:40:31"}
{"level":"info","message":"GET /api/v1/certificates/69b55d8b104012116beecb83 200 153.099 ms - 1065","service":"api-service","timestamp":"2026-03-14 19:40:38"}
{"level":"info","message":"GET /api/v1/certificates/69b55d8b104012116beecb83/summary 200 259.665 ms - 645","service":"api-service","timestamp":"2026-03-14 19:40:38"}
{"level":"info","message":"GET /api/v1/certificates/69b55d8b104012116beecb83 200 175.284 ms - 1065","service":"api-service","timestamp":"2026-03-14 19:40:38"}
{"level":"info","message":"GET /api/v1/certificates/69b55d8b104012116beecb83/summary 200 217.714 ms - 645","service":"api-service","timestamp":"2026-03-14 19:40:38"}
{"level":"info","message":"GET /api/v1/certificates/69b55d8b104012116beecb83 200 145.214 ms - 1065","service":"api-service","timestamp":"2026-03-14 19:40:41"}
{"level":"info","message":"GET /api/v1/certificates/69b55d8b104012116beecb83/summary 200 208.163 ms - 645","service":"api-service","timestamp":"2026-03-14 19:40:41"}
{"level":"info","message":"GET /api/v1/certificates/69b55d8b104012116beecb83 200 131.151 ms - 1065","service":"api-service","timestamp":"2026-03-14 19:40:41"}
{"level":"info","message":"GET /api/v1/certificates/69b55d8b104012116beecb83/summary 200 208.219 ms - 645","service":"api-service","timestamp":"2026-03-14 19:40:41"}
{"level":"info","message":"GET /api/v1/certificates/69b55d8b104012116beecb83 200 165.028 ms - 1065","service":"api-service","timestamp":"2026-03-14 19:42:18"}
{"level":"info","message":"GET /api/v1/certificates/69b55d8b104012116beecb83/summary 200 247.296 ms - 645","service":"api-service","timestamp":"2026-03-14 19:42:18"}
{"level":"info","message":"GET /api/v1/certificates/69b55d8b104012116beecb83 200 141.535 ms - 1065","service":"api-service","timestamp":"2026-03-14 19:42:18"}
{"level":"info","message":"GET /api/v1/certificates/69b55d8b104012116beecb83/summary 200 211.396 ms - 645","service":"api-service","timestamp":"2026-03-14 19:42:18"}
{"level":"info","message":"GET /api/v1/api/v1/certificates/69b55d8b104012116beecb83/export/excel 404 0.977 ms - 150","service":"api-service","timestamp":"2026-03-14 19:42:36"}
{"level":"info","message":"GET /favicon.ico 404 0.098 ms - 97","service":"api-service","timestamp":"2026-03-14 19:42:36"}
{"level":"info","message":"GET /api/v1/api/v1/certificates/69b55d8b104012116beecb83/export/excel 404 0.312 ms - 150","service":"api-service","timestamp":"2026-03-14 19:43:37"}
{"level":"info","message":"GET /api/v1/api/v1/certificates/69b55d8b104012116beecb83/export/excel 404 0.395 ms - 150","service":"api-service","timestamp":"2026-03-14 19:44:12"}
{"level":"info","message":"GET /api/v1/certificates/69b55d8b104012116beecb83 200 143.103 ms - 1065","service":"api-service","timestamp":"2026-03-14 19:44:59"}
{"level":"info","message":"GET /api/v1/certificates/69b55d8b104012116beecb83/summary 200 225.756 ms - 645","service":"api-service","timestamp":"2026-03-14 19:44:59"}
{"level":"info","message":"GET /api/v1/certificates/69b55d8b104012116beecb83 200 153.989 ms - 1065","service":"api-service","timestamp":"2026-03-14 19:44:59"}
{"level":"info","message":"GET /api/v1/certificates/69b55d8b104012116beecb83/summary 200 257.572 ms - 645","service":"api-service","timestamp":"2026-03-14 19:44:59"}
{"level":"info","message":"GET /api/v1/certificates/69b55d8b104012116beecb83/export/excel 200 369.338 ms - 9009","service":"api-service","timestamp":"2026-03-14 19:45:15"}
{"level":"info","message":"🚀 Server is running on port 3000","service":"api-service","timestamp":"2026-03-14 19:47:42"}
{"level":"info","message":"🌍 Environment: development","service":"api-service","timestamp":"2026-03-14 19:47:42"}
{"level":"info","message":"📡 API available at http://localhost:3000/api","service":"api-service","timestamp":"2026-03-14 19:47:42"}
{"level":"info","message":"GET /api/v1/certificates/69b55d8b104012116beecb83 200 165.169 ms - 1065","service":"api-service","timestamp":"2026-03-14 19:48:23"}
{"level":"info","message":"GET /api/v1/certificates/69b55d8b104012116beecb83/summary 200 208.249 ms - 645","service":"api-service","timestamp":"2026-03-14 19:48:23"}
{"level":"info","message":"GET /api/v1/certificates/69b55d8b104012116beecb83 200 138.960 ms - 1065","service":"api-service","timestamp":"2026-03-14 19:48:23"}
{"level":"info","message":"GET /api/v1/certificates/69b55d8b104012116beecb83/summary 200 201.132 ms - 645","service":"api-service","timestamp":"2026-03-14 19:48:23"}
{"level":"info","message":"GET /api/v1/certificates/69b55d8b104012116beecb83/export/excel 200 384.768 ms - 16075","service":"api-service","timestamp":"2026-03-14 19:48:47"}
{"level":"info","message":"GET /api/v1/certificates/69b55d8b104012116beecb83/annexure1 200 69.868 ms - 1430","service":"api-service","timestamp":"2026-03-14 19:49:39"}
{"level":"info","message":"GET /api/v1/certificates/69b55d8b104012116beecb83/annexure1 200 70.267 ms - 1430","service":"api-service","timestamp":"2026-03-14 19:49:39"}
{"level":"info","message":"GET /api/v1/certificates/69b55d8b104012116beecb83 200 171.782 ms - 1065","service":"api-service","timestamp":"2026-03-14 19:49:41"}
{"level":"info","message":"GET /api/v1/certificates/69b55d8b104012116beecb83/summary 200 179.382 ms - 645","service":"api-service","timestamp":"2026-03-14 19:49:41"}
{"level":"info","message":"GET /api/v1/certificates/69b55d8b104012116beecb83 200 125.546 ms - 1065","service":"api-service","timestamp":"2026-03-14 19:49:41"}
{"level":"info","message":"GET /api/v1/certificates/69b55d8b104012116beecb83/summary 200 198.894 ms - 645","service":"api-service","timestamp":"2026-03-14 19:49:41"}
{"level":"info","message":"🚀 Server is running on port 3000","service":"api-service","timestamp":"2026-03-14 19:50:37"}
{"level":"info","message":"🌍 Environment: development","service":"api-service","timestamp":"2026-03-14 19:50:37"}
{"level":"info","message":"📡 API available at http://localhost:3000/api","service":"api-service","timestamp":"2026-03-14 19:50:37"}
{"level":"info","message":"GET /api/v1/certificates/69b55d8b104012116beecb83 200 159.112 ms - 1065","service":"api-service","timestamp":"2026-03-14 19:51:22"}
{"level":"info","message":"GET /api/v1/certificates/69b55d8b104012116beecb83/summary 200 205.256 ms - 645","service":"api-service","timestamp":"2026-03-14 19:51:22"}
{"level":"info","message":"GET /api/v1/certificates/69b55d8b104012116beecb83 200 146.147 ms - 1065","service":"api-service","timestamp":"2026-03-14 19:51:22"}
{"level":"info","message":"GET /api/v1/certificates/69b55d8b104012116beecb83/summary 200 233.918 ms - 645","service":"api-service","timestamp":"2026-03-14 19:51:23"}
{"level":"info","message":"GET /api/v1/certificates/69b55d8b104012116beecb83/export/excel 200 404.922 ms - 16126","service":"api-service","timestamp":"2026-03-14 19:51:30"}
{"level":"info","message":"GET /api/v1/certificates/69b55d8b104012116beecb83/annexure1 200 160.173 ms - 1430","service":"api-service","timestamp":"2026-03-14 19:51:49"}
{"level":"info","message":"GET /api/v1/certificates/69b55d8b104012116beecb83/annexure1 200 75.064 ms - 1430","service":"api-service","timestamp":"2026-03-14 19:51:50"}
{"level":"info","message":"GET /api/v1/certificates/69b55d8b104012116beecb83 200 183.216 ms - 1065","service":"api-service","timestamp":"2026-03-14 19:51:51"}
{"level":"info","message":"GET /api/v1/certificates/69b55d8b104012116beecb83/summary 200 263.664 ms - 645","service":"api-service","timestamp":"2026-03-14 19:51:51"}
{"level":"info","message":"GET /api/v1/certificates/69b55d8b104012116beecb83 200 188.575 ms - 1065","service":"api-service","timestamp":"2026-03-14 19:51:51"}
{"level":"info","message":"GET /api/v1/certificates/69b55d8b104012116beecb83/summary 200 260.740 ms - 645","service":"api-service","timestamp":"2026-03-14 19:51:51"}
{"level":"info","message":"GET /api/v1/certificates/69b55d8b104012116beecb83/annexure1 200 63.734 ms - 1430","service":"api-service","timestamp":"2026-03-14 19:51:51"}
{"level":"info","message":"GET /api/v1/certificates/69b55d8b104012116beecb83/annexure1 200 78.825 ms - 1430","service":"api-service","timestamp":"2026-03-14 19:51:51"}
{"level":"info","message":"GET /api/v1/certificates/69b55d8b104012116beecb83 200 185.770 ms - 1065","service":"api-service","timestamp":"2026-03-14 19:51:52"}
{"level":"info","message":"GET /api/v1/certificates/69b55d8b104012116beecb83/summary 200 284.274 ms - 645","service":"api-service","timestamp":"2026-03-14 19:51:52"}
{"level":"info","message":"GET /api/v1/certificates/69b55d8b104012116beecb83 200 167.413 ms - 1065","service":"api-service","timestamp":"2026-03-14 19:51:53"}
{"level":"info","message":"GET /api/v1/certificates/69b55d8b104012116beecb83/summary 200 222.503 ms - 645","service":"api-service","timestamp":"2026-03-14 19:51:53"}
{"level":"info","message":"GET /api/v1/certificates/69b55d8b104012116beecb83/annexure1 200 63.746 ms - 1430","service":"api-service","timestamp":"2026-03-14 19:51:57"}
{"level":"info","message":"GET /api/v1/certificates/69b55d8b104012116beecb83/annexure1 200 70.297 ms - 1430","service":"api-service","timestamp":"2026-03-14 19:51:57"}
{"level":"info","message":"GET /api/v1/certificates/69b55d8b104012116beecb83 200 172.279 ms - 1065","service":"api-service","timestamp":"2026-03-14 19:51:58"}
{"level":"info","message":"GET /api/v1/certificates/69b55d8b104012116beecb83/summary 200 217.707 ms - 645","service":"api-service","timestamp":"2026-03-14 19:51:58"}
{"level":"info","message":"GET /api/v1/certificates/69b55d8b104012116beecb83 200 139.285 ms - 1065","service":"api-service","timestamp":"2026-03-14 19:51:59"}
{"level":"info","message":"GET /api/v1/certificates/69b55d8b104012116beecb83/summary 200 229.112 ms - 645","service":"api-service","timestamp":"2026-03-14 19:51:59"}
{"level":"info","message":"GET /api/v1/clients?page=1&limit=20 200 81.613 ms - 606","service":"api-service","timestamp":"2026-03-14 19:51:59"}
{"level":"info","message":"GET /api/v1/clients?page=1&limit=20 200 76.874 ms - 606","service":"api-service","timestamp":"2026-03-14 19:51:59"}
{"level":"info","message":"GET /api/v1/clients/69b55d7b104012116beecb77 200 66.039 ms - 582","service":"api-service","timestamp":"2026-03-14 19:52:00"}
{"level":"info","message":"GET /api/v1/clients/69b55d7b104012116beecb77/certificates 200 66.132 ms - 629","service":"api-service","timestamp":"2026-03-14 19:52:00"}
{"level":"info","message":"GET /api/v1/clients/69b55d7b104012116beecb77 200 82.089 ms - 582","service":"api-service","timestamp":"2026-03-14 19:52:00"}
{"level":"info","message":"GET /api/v1/clients/69b55d7b104012116beecb77/certificates 200 95.358 ms - 629","service":"api-service","timestamp":"2026-03-14 19:52:00"}
{"level":"info","message":"GET /api/v1/certificates/69b55d8b104012116beecb83 200 147.861 ms - 1065","service":"api-service","timestamp":"2026-03-14 19:52:02"}
{"level":"info","message":"GET /api/v1/certificates/69b55d8b104012116beecb83/summary 200 211.951 ms - 645","service":"api-service","timestamp":"2026-03-14 19:52:02"}
{"level":"info","message":"GET /api/v1/certificates/69b55d8b104012116beecb83 200 165.512 ms - 1065","service":"api-service","timestamp":"2026-03-14 19:52:02"}
{"level":"info","message":"GET /api/v1/certificates/69b55d8b104012116beecb83/summary 200 258.102 ms - 645","service":"api-service","timestamp":"2026-03-14 19:52:02"}
{"level":"info","message":"GET /api/v1/clients?page=1&limit=20 200 108.795 ms - 606","service":"api-service","timestamp":"2026-03-14 19:52:06"}
{"level":"info","message":"GET /api/v1/clients?page=1&limit=20 200 60.055 ms - 606","service":"api-service","timestamp":"2026-03-14 19:52:06"}
{"level":"info","message":"GET /api/v1/clients/69b55d7b104012116beecb77 200 70.940 ms - 582","service":"api-service","timestamp":"2026-03-14 19:52:07"}
{"level":"info","message":"GET /api/v1/clients/69b55d7b104012116beecb77/certificates 200 71.359 ms - 629","service":"api-service","timestamp":"2026-03-14 19:52:07"}
{"level":"info","message":"GET /api/v1/clients/69b55d7b104012116beecb77 200 72.357 ms - 582","service":"api-service","timestamp":"2026-03-14 19:52:07"}
{"level":"info","message":"GET /api/v1/clients/69b55d7b104012116beecb77/certificates 200 74.676 ms - 629","service":"api-service","timestamp":"2026-03-14 19:52:07"}
{"level":"info","message":"GET /api/v1/certificates/69b55d8b104012116beecb83 200 146.328 ms - 1065","service":"api-service","timestamp":"2026-03-14 19:52:11"}
{"level":"info","message":"GET /api/v1/certificates/69b55d8b104012116beecb83/summary 200 216.017 ms - 645","service":"api-service","timestamp":"2026-03-14 19:52:11"}
{"level":"info","message":"GET /api/v1/certificates/69b55d8b104012116beecb83 200 145.582 ms - 1065","service":"api-service","timestamp":"2026-03-14 19:52:11"}
{"level":"info","message":"GET /api/v1/certificates/69b55d8b104012116beecb83/summary 200 223.479 ms - 645","service":"api-service","timestamp":"2026-03-14 19:52:11"}
{"level":"info","message":"GET /api/v1/certificates/69b55d8b104012116beecb83/annexure1 200 65.711 ms - 1430","service":"api-service","timestamp":"2026-03-14 19:52:13"}
{"level":"info","message":"GET /api/v1/certificates/69b55d8b104012116beecb83/annexure1 200 67.581 ms - 1430","service":"api-service","timestamp":"2026-03-14 19:52:13"}
{"level":"info","message":"GET /api/v1/clients?page=1&limit=20 200 85.541 ms - 606","service":"api-service","timestamp":"2026-03-14 19:52:17"}
{"level":"info","message":"GET /api/v1/clients?page=1&limit=20 200 89.678 ms - 606","service":"api-service","timestamp":"2026-03-14 19:52:17"}
{"level":"info","message":"POST /api/v1/clients 201 85.032 ms - 496","service":"api-service","timestamp":"2026-03-14 19:52:23"}
{"level":"info","message":"GET /api/v1/clients?page=1&limit=20 200 76.817 ms - 989","service":"api-service","timestamp":"2026-03-14 19:52:23"}
{"level":"info","message":"GET /api/v1/clients?page=1&limit=20 200 77.277 ms - 989","service":"api-service","timestamp":"2026-03-14 19:52:23"}
{"level":"info","message":"GET /api/v1/clients/69b56f1f7300cb5cd39bad38 200 64.228 ms - 498","service":"api-service","timestamp":"2026-03-14 19:52:25"}
{"level":"info","message":"GET /api/v1/clients/69b56f1f7300cb5cd39bad38/certificates 200 64.175 ms - 130","service":"api-service","timestamp":"2026-03-14 19:52:25"}
{"level":"info","message":"GET /api/v1/clients/69b56f1f7300cb5cd39bad38/certificates 200 60.984 ms - 130","service":"api-service","timestamp":"2026-03-14 19:52:25"}
{"level":"info","message":"GET /api/v1/clients/69b56f1f7300cb5cd39bad38 200 67.293 ms - 498","service":"api-service","timestamp":"2026-03-14 19:52:25"}
{"level":"info","message":"POST /api/v1/certificates 201 317.110 ms - 491","service":"api-service","timestamp":"2026-03-14 19:52:30"}
{"level":"info","message":"GET /api/v1/certificates/69b56f267300cb5cd39bad44 200 131.187 ms - 849","service":"api-service","timestamp":"2026-03-14 19:52:30"}
{"level":"info","message":"GET /api/v1/certificates/69b56f267300cb5cd39bad44/summary 200 220.190 ms - 480","service":"api-service","timestamp":"2026-03-14 19:52:30"}
{"level":"info","message":"GET /api/v1/certificates/69b56f267300cb5cd39bad44 200 163.235 ms - 849","service":"api-service","timestamp":"2026-03-14 19:52:30"}
{"level":"info","message":"GET /api/v1/certificates/69b56f267300cb5cd39bad44/summary 200 230.220 ms - 480","service":"api-service","timestamp":"2026-03-14 19:52:30"}
{"level":"info","message":"GET /api/v1/clients/69b56f1f7300cb5cd39bad38/certificates 200 94.993 ms - 497","service":"api-service","timestamp":"2026-03-14 19:54:06"}
{"level":"info","message":"GET /api/v1/clients/69b56f1f7300cb5cd39bad38 200 97.742 ms - 498","service":"api-service","timestamp":"2026-03-14 19:54:06"}
{"level":"info","message":"GET /api/v1/clients/69b56f1f7300cb5cd39bad38 200 75.971 ms - 498","service":"api-service","timestamp":"2026-03-14 19:54:06"}
{"level":"info","message":"GET /api/v1/clients/69b56f1f7300cb5cd39bad38/certificates 200 77.922 ms - 497","service":"api-service","timestamp":"2026-03-14 19:54:06"}
{"level":"info","message":"GET /api/v1/certificates/69b56f267300cb5cd39bad44 200 197.288 ms - 849","service":"api-service","timestamp":"2026-03-14 19:54:09"}
{"level":"info","message":"GET /api/v1/certificates/69b56f267300cb5cd39bad44/summary 200 274.342 ms - 480","service":"api-service","timestamp":"2026-03-14 19:54:09"}
{"level":"info","message":"GET /api/v1/certificates/69b56f267300cb5cd39bad44 200 144.820 ms - 849","service":"api-service","timestamp":"2026-03-14 19:54:09"}
{"level":"info","message":"GET /api/v1/certificates/69b56f267300cb5cd39bad44/summary 200 236.211 ms - 480","service":"api-service","timestamp":"2026-03-14 19:54:09"}
{"level":"info","message":"GET /api/v1/clients/69b56f1f7300cb5cd39bad38 200 124.531 ms - 498","service":"api-service","timestamp":"2026-03-14 19:57:26"}
{"level":"info","message":"GET /api/v1/clients/69b56f1f7300cb5cd39bad38/certificates 200 124.661 ms - 497","service":"api-service","timestamp":"2026-03-14 19:57:26"}
{"level":"info","message":"GET /api/v1/clients/69b56f1f7300cb5cd39bad38/certificates 200 89.773 ms - 497","service":"api-service","timestamp":"2026-03-14 19:57:26"}
{"level":"info","message":"GET /api/v1/clients/69b56f1f7300cb5cd39bad38 200 94.998 ms - 498","service":"api-service","timestamp":"2026-03-14 19:57:26"}
{"level":"info","message":"GET /api/v1/certificates/69b56f267300cb5cd39bad44 200 207.846 ms - 849","service":"api-service","timestamp":"2026-03-14 19:57:29"}
{"level":"info","message":"GET /api/v1/certificates/69b56f267300cb5cd39bad44/summary 200 256.815 ms - 480","service":"api-service","timestamp":"2026-03-14 19:57:29"}
{"level":"info","message":"GET /api/v1/certificates/69b56f267300cb5cd39bad44 200 133.952 ms - 849","service":"api-service","timestamp":"2026-03-14 19:57:29"}
{"level":"info","message":"GET /api/v1/certificates/69b56f267300cb5cd39bad44/summary 200 206.004 ms - 480","service":"api-service","timestamp":"2026-03-14 19:57:29"}
{"level":"info","message":"GET /api/v1/clients/69b56f1f7300cb5cd39bad38 200 76.261 ms - 498","service":"api-service","timestamp":"2026-03-14 19:57:58"}
{"level":"info","message":"GET /api/v1/clients/69b56f1f7300cb5cd39bad38/certificates 200 84.583 ms - 497","service":"api-service","timestamp":"2026-03-14 19:57:58"}
{"level":"info","message":"GET /api/v1/clients/69b56f1f7300cb5cd39bad38 200 69.041 ms - 498","service":"api-service","timestamp":"2026-03-14 19:57:58"}
{"level":"info","message":"GET /api/v1/clients/69b56f1f7300cb5cd39bad38/certificates 200 76.371 ms - 497","service":"api-service","timestamp":"2026-03-14 19:57:58"}
{"level":"error","message":"AppError: A certificate for FY 2026-27 already exists for this client","method":"POST","path":"/api/v1/certificates","service":"api-service","stack":"Error: A certificate for FY 2026-27 already exists for this client\n    at CertificateService.createCertificate (/Users/thamaraikannan/Desktop/finalfinance/api_personal_finance/src/services/certificateService.ts:29:13)\n    at process.processTicksAndRejections (node:internal/process/task_queues:103:5)\n    at async createCertificate (/Users/thamaraikannan/Desktop/finalfinance/api_personal_finance/src/controllers/certificate.controller.ts:12:20)","statusCode":409,"timestamp":"2026-03-14 19:59:25"}
{"level":"info","message":"POST /api/v1/certificates 409 158.212 ms - 128","service":"api-service","timestamp":"2026-03-14 19:59:25"}
{"level":"info","message":"GET /api/v1/clients/69b56f1f7300cb5cd39bad38/certificates 200 81.867 ms - 497","service":"api-service","timestamp":"2026-03-14 19:59:29"}
{"level":"info","message":"GET /api/v1/clients/69b56f1f7300cb5cd39bad38 200 85.533 ms - 498","service":"api-service","timestamp":"2026-03-14 19:59:29"}
{"level":"info","message":"GET /api/v1/clients/69b56f1f7300cb5cd39bad38 200 80.039 ms - 498","service":"api-service","timestamp":"2026-03-14 19:59:29"}
{"level":"info","message":"GET /api/v1/clients/69b56f1f7300cb5cd39bad38/certificates 200 82.471 ms - 497","service":"api-service","timestamp":"2026-03-14 19:59:29"}
{"level":"error","message":"AppError: A certificate for FY 2026-27 already exists for this client","method":"POST","path":"/api/v1/certificates","service":"api-service","stack":"Error: A certificate for FY 2026-27 already exists for this client\n    at CertificateService.createCertificate (/Users/thamaraikannan/Desktop/finalfinance/api_personal_finance/src/services/certificateService.ts:29:13)\n    at process.processTicksAndRejections (node:internal/process/task_queues:103:5)\n    at async createCertificate (/Users/thamaraikannan/Desktop/finalfinance/api_personal_finance/src/controllers/certificate.controller.ts:12:20)","statusCode":409,"timestamp":"2026-03-14 19:59:31"}
{"level":"info","message":"POST /api/v1/certificates 409 155.386 ms - 128","service":"api-service","timestamp":"2026-03-14 19:59:31"}
{"level":"info","message":"GET /api/v1/clients?page=1&limit=20 200 96.180 ms - 989","service":"api-service","timestamp":"2026-03-14 20:00:34"}
{"level":"info","message":"GET /api/v1/clients?page=1&limit=20 200 98.806 ms - 989","service":"api-service","timestamp":"2026-03-14 20:00:34"}
{"level":"info","message":"GET /api/v1/clients?page=1&limit=20 200 93.872 ms - 989","service":"api-service","timestamp":"2026-03-14 20:00:36"}
{"level":"info","message":"GET /api/v1/clients?page=1&limit=20 200 100.756 ms - 989","service":"api-service","timestamp":"2026-03-14 20:00:36"}
{"level":"info","message":"GET /api/v1/clients?page=1&limit=20 200 77.497 ms - 989","service":"api-service","timestamp":"2026-03-14 20:00:41"}
{"level":"info","message":"GET /api/v1/clients?page=1&limit=20 200 79.358 ms - 989","service":"api-service","timestamp":"2026-03-14 20:00:41"}
{"level":"info","message":"GET /api/v1/clients/69b56f1f7300cb5cd39bad38/certificates 200 61.112 ms - 497","service":"api-service","timestamp":"2026-03-14 20:00:50"}
{"level":"info","message":"GET /api/v1/clients/69b56f1f7300cb5cd39bad38/certificates 200 72.811 ms - 497","service":"api-service","timestamp":"2026-03-14 20:00:50"}
{"level":"info","message":"GET /api/v1/clients/69b56f1f7300cb5cd39bad38 200 75.208 ms - 498","service":"api-service","timestamp":"2026-03-14 20:00:50"}
{"level":"info","message":"GET /api/v1/clients/69b56f1f7300cb5cd39bad38 200 77.484 ms - 498","service":"api-service","timestamp":"2026-03-14 20:00:50"}
{"level":"error","message":"AppError: A certificate for FY 2026-27 already exists for this client","method":"POST","path":"/api/v1/certificates","service":"api-service","stack":"Error: A certificate for FY 2026-27 already exists for this client\n    at CertificateService.createCertificate (/Users/thamaraikannan/Desktop/finalfinance/api_personal_finance/src/services/certificateService.ts:29:13)\n    at process.processTicksAndRejections (node:internal/process/task_queues:103:5)\n    at async createCertificate (/Users/thamaraikannan/Desktop/finalfinance/api_personal_finance/src/controllers/certificate.controller.ts:12:20)","statusCode":409,"timestamp":"2026-03-14 20:01:26"}
{"level":"info","message":"POST /api/v1/certificates 409 251.871 ms - 128","service":"api-service","timestamp":"2026-03-14 20:01:26"}
{"level":"info","message":"POST /api/v1/certificates 201 281.782 ms - 491","service":"api-service","timestamp":"2026-03-14 20:01:31"}
{"level":"info","message":"GET /api/v1/certificates/69b571437300cb5cd39bad94 200 136.322 ms - 849","service":"api-service","timestamp":"2026-03-14 20:01:31"}
{"level":"info","message":"GET /api/v1/certificates/69b571437300cb5cd39bad94 200 144.935 ms - 849","service":"api-service","timestamp":"2026-03-14 20:01:31"}
{"level":"info","message":"GET /api/v1/certificates/69b571437300cb5cd39bad94/summary 200 176.742 ms - 480","service":"api-service","timestamp":"2026-03-14 20:01:31"}
{"level":"info","message":"GET /api/v1/certificates/69b571437300cb5cd39bad94/summary 200 209.873 ms - 480","service":"api-service","timestamp":"2026-03-14 20:01:32"}
{"level":"info","message":"GET /api/v1/clients/69b56f1f7300cb5cd39bad38/certificates 200 62.066 ms - 865","service":"api-service","timestamp":"2026-03-14 20:03:24"}
{"level":"info","message":"GET /api/v1/clients/69b56f1f7300cb5cd39bad38 200 69.085 ms - 498","service":"api-service","timestamp":"2026-03-14 20:03:24"}
{"level":"info","message":"GET /api/v1/clients/69b56f1f7300cb5cd39bad38/certificates 200 59.971 ms - 865","service":"api-service","timestamp":"2026-03-14 20:03:24"}
{"level":"info","message":"GET /api/v1/clients/69b56f1f7300cb5cd39bad38 200 63.475 ms - 498","service":"api-service","timestamp":"2026-03-14 20:03:24"}
{"level":"info","message":"GET /api/v1/certificates/69b571437300cb5cd39bad94 200 149.581 ms - 849","service":"api-service","timestamp":"2026-03-14 20:03:25"}
{"level":"info","message":"GET /api/v1/certificates/69b571437300cb5cd39bad94/summary 200 186.234 ms - 480","service":"api-service","timestamp":"2026-03-14 20:03:25"}
{"level":"info","message":"GET /api/v1/certificates/69b571437300cb5cd39bad94 200 150.608 ms - 849","service":"api-service","timestamp":"2026-03-14 20:03:25"}
{"level":"info","message":"GET /api/v1/certificates/69b571437300cb5cd39bad94/summary 200 187.402 ms - 480","service":"api-service","timestamp":"2026-03-14 20:03:25"}
{"level":"info","message":"GET /api/v1/clients?page=1&limit=20 200 95.721 ms - 989","service":"api-service","timestamp":"2026-03-14 20:04:57"}
{"level":"info","message":"GET /api/v1/clients?page=1&limit=20 200 98.978 ms - 989","service":"api-service","timestamp":"2026-03-14 20:04:57"}
{"level":"info","message":"GET /api/v1/clients/69b55d7b104012116beecb77/certificates 200 58.694 ms - 629","service":"api-service","timestamp":"2026-03-14 20:04:58"}
{"level":"info","message":"GET /api/v1/clients/69b55d7b104012116beecb77 200 69.244 ms - 582","service":"api-service","timestamp":"2026-03-14 20:04:58"}
{"level":"info","message":"GET /api/v1/clients/69b55d7b104012116beecb77/certificates 200 58.425 ms - 629","service":"api-service","timestamp":"2026-03-14 20:04:58"}
{"level":"info","message":"GET /api/v1/clients/69b55d7b104012116beecb77 200 63.930 ms - 582","service":"api-service","timestamp":"2026-03-14 20:04:58"}
{"level":"info","message":"GET /api/v1/certificates/69b55d8b104012116beecb83 200 155.216 ms - 1065","service":"api-service","timestamp":"2026-03-14 20:05:00"}
{"level":"info","message":"GET /api/v1/certificates/69b55d8b104012116beecb83/summary 200 210.196 ms - 645","service":"api-service","timestamp":"2026-03-14 20:05:00"}
{"level":"info","message":"GET /api/v1/certificates/69b55d8b104012116beecb83 200 155.163 ms - 1065","service":"api-service","timestamp":"2026-03-14 20:05:00"}
{"level":"info","message":"GET /api/v1/certificates/69b55d8b104012116beecb83/summary 200 186.329 ms - 645","service":"api-service","timestamp":"2026-03-14 20:05:00"}
{"level":"info","message":"GET /api/v1/clients?page=1&limit=20 200 86.159 ms - 989","service":"api-service","timestamp":"2026-03-14 20:05:19"}
{"level":"info","message":"GET /api/v1/clients?page=1&limit=20 200 74.462 ms - 989","service":"api-service","timestamp":"2026-03-14 20:05:19"}
{"level":"info","message":"GET /api/v1/clients/69b55d7b104012116beecb77/certificates 200 83.307 ms - 629","service":"api-service","timestamp":"2026-03-14 20:05:20"}
{"level":"info","message":"GET /api/v1/clients/69b55d7b104012116beecb77 200 94.698 ms - 582","service":"api-service","timestamp":"2026-03-14 20:05:20"}
{"level":"info","message":"GET /api/v1/clients/69b55d7b104012116beecb77/certificates 200 71.541 ms - 629","service":"api-service","timestamp":"2026-03-14 20:05:21"}
{"level":"info","message":"GET /api/v1/clients/69b55d7b104012116beecb77 200 74.184 ms - 582","service":"api-service","timestamp":"2026-03-14 20:05:21"}
{"level":"info","message":"POST /api/v1/certificates 201 309.021 ms - 491","service":"api-service","timestamp":"2026-03-14 20:05:25"}
{"level":"info","message":"GET /api/v1/certificates/69b5722d7300cb5cd39badd2 200 169.395 ms - 933","service":"api-service","timestamp":"2026-03-14 20:05:26"}
{"level":"info","message":"GET /api/v1/certificates/69b5722d7300cb5cd39badd2/summary 200 248.500 ms - 554","service":"api-service","timestamp":"2026-03-14 20:05:26"}
{"level":"info","message":"GET /api/v1/certificates/69b5722d7300cb5cd39badd2 200 155.783 ms - 933","service":"api-service","timestamp":"2026-03-14 20:05:26"}
{"level":"info","message":"GET /api/v1/certificates/69b5722d7300cb5cd39badd2/summary 200 202.849 ms - 554","service":"api-service","timestamp":"2026-03-14 20:05:26"}
{"level":"info","message":"GET /api/v1/clients/69b55d7b104012116beecb77/certificates 200 63.030 ms - 997","service":"api-service","timestamp":"2026-03-14 20:07:19"}
{"level":"info","message":"GET /api/v1/clients/69b55d7b104012116beecb77 200 72.612 ms - 582","service":"api-service","timestamp":"2026-03-14 20:07:19"}
{"level":"info","message":"GET /api/v1/clients/69b55d7b104012116beecb77/certificates 200 53.236 ms - 997","service":"api-service","timestamp":"2026-03-14 20:07:20"}
{"level":"info","message":"GET /api/v1/certificates/69b5722d7300cb5cd39badd2 200 152.701 ms - 933","service":"api-service","timestamp":"2026-03-14 20:07:20"}
{"level":"info","message":"GET /api/v1/clients/69b55d7b104012116beecb77 200 73.741 ms - 582","service":"api-service","timestamp":"2026-03-14 20:07:20"}
{"level":"info","message":"GET /api/v1/certificates/69b5722d7300cb5cd39badd2/summary 200 226.245 ms - 554","service":"api-service","timestamp":"2026-03-14 20:07:20"}
{"level":"info","message":"GET /api/v1/certificates/69b5722d7300cb5cd39badd2 200 124.260 ms - 933","service":"api-service","timestamp":"2026-03-14 20:07:20"}
{"level":"info","message":"GET /api/v1/certificates/69b5722d7300cb5cd39badd2/summary 200 230.773 ms - 554","service":"api-service","timestamp":"2026-03-14 20:07:20"}
{"level":"info","message":"GET /api/v1/certificates/69b55d8b104012116beecb83 200 134.570 ms - 1065","service":"api-service","timestamp":"2026-03-14 20:07:23"}
{"level":"info","message":"GET /api/v1/certificates/69b55d8b104012116beecb83/summary 200 204.634 ms - 645","service":"api-service","timestamp":"2026-03-14 20:07:23"}
{"level":"info","message":"GET /api/v1/certificates/69b55d8b104012116beecb83 200 130.722 ms - 1065","service":"api-service","timestamp":"2026-03-14 20:07:23"}
{"level":"info","message":"GET /api/v1/certificates/69b55d8b104012116beecb83/summary 200 197.123 ms - 645","service":"api-service","timestamp":"2026-03-14 20:07:23"}
{"level":"info","message":"GET /api/v1/clients/69b55d7b104012116beecb77 200 66.704 ms - 582","service":"api-service","timestamp":"2026-03-14 20:07:26"}
{"level":"info","message":"GET /api/v1/clients/69b55d7b104012116beecb77/certificates 200 70.352 ms - 997","service":"api-service","timestamp":"2026-03-14 20:07:26"}
{"level":"info","message":"GET /api/v1/clients/69b55d7b104012116beecb77 200 63.556 ms - 582","service":"api-service","timestamp":"2026-03-14 20:07:26"}
{"level":"info","message":"GET /api/v1/clients/69b55d7b104012116beecb77/certificates 200 63.526 ms - 997","service":"api-service","timestamp":"2026-03-14 20:07:26"}
{"level":"info","message":"GET /api/v1/certificates/69b5722d7300cb5cd39badd2 200 191.217 ms - 933","service":"api-service","timestamp":"2026-03-14 20:07:27"}
{"level":"info","message":"GET /api/v1/certificates/69b5722d7300cb5cd39badd2/summary 200 252.595 ms - 554","service":"api-service","timestamp":"2026-03-14 20:07:27"}
{"level":"info","message":"GET /api/v1/certificates/69b5722d7300cb5cd39badd2 200 133.082 ms - 933","service":"api-service","timestamp":"2026-03-14 20:07:27"}
{"level":"info","message":"GET /api/v1/certificates/69b5722d7300cb5cd39badd2/summary 200 211.172 ms - 554","service":"api-service","timestamp":"2026-03-14 20:07:28"}
{"level":"info","message":"GET /api/v1/certificates/69b5722d7300cb5cd39badd2/annexure1 200 104.086 ms - 363","service":"api-service","timestamp":"2026-03-14 20:07:30"}
{"level":"info","message":"GET /api/v1/certificates/69b5722d7300cb5cd39badd2/annexure1 200 95.672 ms - 363","service":"api-service","timestamp":"2026-03-14 20:07:30"}
{"level":"info","message":"GET /api/v1/certificates/69b5722d7300cb5cd39badd2 200 137.676 ms - 933","service":"api-service","timestamp":"2026-03-14 20:07:36"}
{"level":"info","message":"GET /api/v1/certificates/69b5722d7300cb5cd39badd2/summary 200 211.506 ms - 554","service":"api-service","timestamp":"2026-03-14 20:07:36"}
{"level":"info","message":"GET /api/v1/certificates/69b5722d7300cb5cd39badd2 200 138.417 ms - 933","service":"api-service","timestamp":"2026-03-14 20:07:37"}
{"level":"info","message":"GET /api/v1/certificates/69b5722d7300cb5cd39badd2/summary 200 211.711 ms - 554","service":"api-service","timestamp":"2026-03-14 20:07:37"}
{"level":"info","message":"GET /api/v1/certificates/69b5722d7300cb5cd39badd2/annexure1 200 72.743 ms - 363","service":"api-service","timestamp":"2026-03-14 20:08:14"}
{"level":"info","message":"GET /api/v1/certificates/69b5722d7300cb5cd39badd2/annexure1 200 78.956 ms - 363","service":"api-service","timestamp":"2026-03-14 20:08:14"}
{"level":"info","message":"GET /api/v1/certificates/69b5722d7300cb5cd39badd2 200 141.477 ms - 933","service":"api-service","timestamp":"2026-03-14 20:08:15"}
{"level":"info","message":"GET /api/v1/certificates/69b5722d7300cb5cd39badd2/summary 200 215.503 ms - 554","service":"api-service","timestamp":"2026-03-14 20:08:15"}
{"level":"info","message":"GET /api/v1/certificates/69b5722d7300cb5cd39badd2 200 148.471 ms - 933","service":"api-service","timestamp":"2026-03-14 20:08:16"}
{"level":"info","message":"GET /api/v1/certificates/69b5722d7300cb5cd39badd2/summary 200 200.085 ms - 554","service":"api-service","timestamp":"2026-03-14 20:08:16"}
{"level":"info","message":"GET /api/v1/certificates/69b5722d7300cb5cd39badd2/annexure1 200 114.521 ms - 363","service":"api-service","timestamp":"2026-03-14 20:08:16"}
{"level":"info","message":"GET /api/v1/certificates/69b5722d7300cb5cd39badd2/annexure1 200 56.803 ms - 363","service":"api-service","timestamp":"2026-03-14 20:08:16"}
{"level":"info","message":"GET /api/v1/certificates/69b5722d7300cb5cd39badd2 200 137.781 ms - 933","service":"api-service","timestamp":"2026-03-14 20:08:18"}
{"level":"info","message":"GET /api/v1/certificates/69b5722d7300cb5cd39badd2/summary 200 218.988 ms - 554","service":"api-service","timestamp":"2026-03-14 20:08:18"}
{"level":"info","message":"GET /api/v1/certificates/69b5722d7300cb5cd39badd2 200 153.431 ms - 933","service":"api-service","timestamp":"2026-03-14 20:08:18"}
{"level":"info","message":"GET /api/v1/certificates/69b5722d7300cb5cd39badd2/summary 200 202.573 ms - 554","service":"api-service","timestamp":"2026-03-14 20:08:18"}
{"level":"info","message":"GET /api/v1/certificates/69b5722d7300cb5cd39badd2/annexure1 200 53.808 ms - 363","service":"api-service","timestamp":"2026-03-14 20:08:19"}
{"level":"info","message":"GET /api/v1/certificates/69b5722d7300cb5cd39badd2/annexure1 200 77.405 ms - 363","service":"api-service","timestamp":"2026-03-14 20:08:19"}
{"level":"info","message":"GET /api/v1/certificates/69b5722d7300cb5cd39badd2 200 193.672 ms - 933","service":"api-service","timestamp":"2026-03-14 20:08:20"}
{"level":"info","message":"GET /api/v1/certificates/69b5722d7300cb5cd39badd2/summary 200 258.818 ms - 554","service":"api-service","timestamp":"2026-03-14 20:08:20"}
{"level":"info","message":"GET /api/v1/certificates/69b5722d7300cb5cd39badd2 200 135.675 ms - 933","service":"api-service","timestamp":"2026-03-14 20:08:20"}
{"level":"info","message":"GET /api/v1/certificates/69b5722d7300cb5cd39badd2/summary 200 233.036 ms - 554","service":"api-service","timestamp":"2026-03-14 20:08:20"}
{"level":"info","message":"GET /api/v1/clients?page=1&limit=20 200 55.910 ms - 989","service":"api-service","timestamp":"2026-03-14 20:08:21"}
{"level":"info","message":"GET /api/v1/clients?page=1&limit=20 200 73.904 ms - 989","service":"api-service","timestamp":"2026-03-14 20:08:21"}
{"level":"info","message":"GET /api/v1/clients?page=1&limit=20 200 78.732 ms - 989","service":"api-service","timestamp":"2026-03-14 20:08:31"}
{"level":"info","message":"GET /api/v1/clients?page=1&limit=20 200 73.494 ms - 989","service":"api-service","timestamp":"2026-03-14 20:08:32"}
{"level":"info","message":"GET /api/v1/clients/69b55d7b104012116beecb77/certificates 200 137.502 ms - 997","service":"api-service","timestamp":"2026-03-14 20:08:33"}
{"level":"info","message":"GET /api/v1/clients/69b55d7b104012116beecb77 200 143.659 ms - 582","service":"api-service","timestamp":"2026-03-14 20:08:33"}
{"level":"info","message":"GET /api/v1/clients/69b55d7b104012116beecb77/certificates 200 88.416 ms - 997","service":"api-service","timestamp":"2026-03-14 20:08:33"}
{"level":"info","message":"GET /api/v1/clients/69b55d7b104012116beecb77 200 89.453 ms - 582","service":"api-service","timestamp":"2026-03-14 20:08:33"}
{"level":"error","message":"AppError: A certificate for FY 2026-27 already exists for this client","method":"POST","path":"/api/v1/certificates","service":"api-service","stack":"Error: A certificate for FY 2026-27 already exists for this client\n    at CertificateService.createCertificate (/Users/thamaraikannan/Desktop/finalfinance/api_personal_finance/src/services/certificateService.ts:29:13)\n    at process.processTicksAndRejections (node:internal/process/task_queues:103:5)\n    at async createCertificate (/Users/thamaraikannan/Desktop/finalfinance/api_personal_finance/src/controllers/certificate.controller.ts:12:20)","statusCode":409,"timestamp":"2026-03-14 20:08:38"}
{"level":"info","message":"POST /api/v1/certificates 409 164.892 ms - 128","service":"api-service","timestamp":"2026-03-14 20:08:38"}
{"level":"info","message":"POST /api/v1/certificates 201 307.844 ms - 491","service":"api-service","timestamp":"2026-03-14 20:08:42"}
{"level":"info","message":"GET /api/v1/certificates/69b572f27300cb5cd39bae4c/annexure1 200 75.854 ms - 363","service":"api-service","timestamp":"2026-03-14 20:08:42"}
{"level":"info","message":"GET /api/v1/certificates/69b572f27300cb5cd39bae4c/annexure1 200 68.924 ms - 363","service":"api-service","timestamp":"2026-03-14 20:08:42"}
{"level":"info","message":"POST /api/v1/certificates/69b572f27300cb5cd39bae4c/annexure1/bySelf 201 316.483 ms - 881","service":"api-service","timestamp":"2026-03-14 20:09:03"}
{"level":"info","message":"GET /api/v1/certificates/69b572f27300cb5cd39bae4c/annexure2 200 63.064 ms - 735","service":"api-service","timestamp":"2026-03-14 20:09:15"}
{"level":"info","message":"GET /api/v1/certificates/69b572f27300cb5cd39bae4c/annexure2 200 69.584 ms - 735","service":"api-service","timestamp":"2026-03-14 20:09:15"}
{"level":"info","message":"GET /api/v1/certificates/69b572f27300cb5cd39bae4c/annexure1 200 65.696 ms - 883","service":"api-service","timestamp":"2026-03-14 20:09:17"}
{"level":"info","message":"GET /api/v1/certificates/69b572f27300cb5cd39bae4c/annexure1 200 88.952 ms - 883","service":"api-service","timestamp":"2026-03-14 20:09:17"}
{"level":"info","message":"GET /api/v1/certificates/69b572f27300cb5cd39bae4c/annexure2 200 77.621 ms - 735","service":"api-service","timestamp":"2026-03-14 20:09:22"}
{"level":"info","message":"GET /api/v1/certificates/69b572f27300cb5cd39bae4c/annexure2 200 74.203 ms - 735","service":"api-service","timestamp":"2026-03-14 20:09:22"}
{"level":"info","message":"GET /api/v1/certificates/69b572f27300cb5cd39bae4c/liabilities 200 138.712 ms - 310","service":"api-service","timestamp":"2026-03-14 20:09:27"}
{"level":"info","message":"GET /api/v1/certificates/69b572f27300cb5cd39bae4c/liabilities 200 68.921 ms - 310","service":"api-service","timestamp":"2026-03-14 20:09:27"}
{"level":"info","message":"GET /api/v1/certificates/69b572f27300cb5cd39bae4c 200 216.487 ms - 963","service":"api-service","timestamp":"2026-03-14 20:09:27"}
{"level":"info","message":"GET /api/v1/certificates/69b572f27300cb5cd39bae4c 200 144.051 ms - 963","service":"api-service","timestamp":"2026-03-14 20:09:27"}
{"level":"info","message":"GET /api/v1/certificates/69b572f27300cb5cd39bae4c/guarantors 200 121.266 ms - 305","service":"api-service","timestamp":"2026-03-14 20:09:36"}
{"level":"info","message":"GET /api/v1/certificates/69b572f27300cb5cd39bae4c/guarantors 200 78.974 ms - 305","service":"api-service","timestamp":"2026-03-14 20:09:36"}
{"level":"info","message":"GET /api/v1/certificates/69b572f27300cb5cd39bae4c 200 156.502 ms - 963","service":"api-service","timestamp":"2026-03-14 20:09:37"}
{"level":"info","message":"GET /api/v1/certificates/69b572f27300cb5cd39bae4c/summary 200 249.275 ms - 584","service":"api-service","timestamp":"2026-03-14 20:09:37"}
{"level":"info","message":"GET /api/v1/certificates/69b572f27300cb5cd39bae4c 200 164.672 ms - 963","service":"api-service","timestamp":"2026-03-14 20:09:37"}
{"level":"info","message":"GET /api/v1/certificates/69b572f27300cb5cd39bae4c/summary 200 226.633 ms - 584","service":"api-service","timestamp":"2026-03-14 20:09:38"}
{"level":"info","message":"GET /api/v1/certificates/69b572f27300cb5cd39bae4c/export/excel 200 324.782 ms - 15974","service":"api-service","timestamp":"2026-03-14 20:09:46"}
{"level":"info","message":"🚀 Server is running on port 3000","service":"api-service","timestamp":"2026-03-14 20:12:11"}
{"level":"info","message":"🌍 Environment: development","service":"api-service","timestamp":"2026-03-14 20:12:11"}
{"level":"info","message":"📡 API available at http://localhost:3000/api","service":"api-service","timestamp":"2026-03-14 20:12:11"}
{"level":"info","message":"GET /api/v1/certificates/69b572f27300cb5cd39bae4c/export/excel 200 464.874 ms - 15974","service":"api-service","timestamp":"2026-03-14 20:13:33"}
{"level":"info","message":"GET /api/v1/certificates/69b572f27300cb5cd39bae4c/guarantors 200 77.262 ms - 305","service":"api-service","timestamp":"2026-03-14 20:13:37"}
{"level":"info","message":"GET /api/v1/certificates/69b572f27300cb5cd39bae4c/guarantors 200 77.603 ms - 305","service":"api-service","timestamp":"2026-03-14 20:13:37"}
{"level":"info","message":"GET /api/v1/certificates/69b572f27300cb5cd39bae4c 200 238.439 ms - 963","service":"api-service","timestamp":"2026-03-14 20:13:58"}
{"level":"info","message":"GET /api/v1/certificates/69b572f27300cb5cd39bae4c/summary 200 294.633 ms - 624","service":"api-service","timestamp":"2026-03-14 20:13:58"}
{"level":"info","message":"GET /api/v1/certificates/69b572f27300cb5cd39bae4c 200 136.573 ms - 963","service":"api-service","timestamp":"2026-03-14 20:13:58"}
{"level":"info","message":"GET /api/v1/certificates/69b572f27300cb5cd39bae4c/summary 200 199.872 ms - 624","service":"api-service","timestamp":"2026-03-14 20:13:58"}
{"level":"info","message":"GET /api/v1/certificates/69b572f27300cb5cd39bae4c 200 167.694 ms - 963","service":"api-service","timestamp":"2026-03-14 20:14:37"}
{"level":"info","message":"GET /api/v1/certificates/69b572f27300cb5cd39bae4c/summary 200 239.524 ms - 624","service":"api-service","timestamp":"2026-03-14 20:14:37"}
{"level":"info","message":"GET /api/v1/certificates/69b572f27300cb5cd39bae4c 200 166.383 ms - 963","service":"api-service","timestamp":"2026-03-14 20:14:37"}
{"level":"info","message":"GET /api/v1/certificates/69b572f27300cb5cd39bae4c/summary 200 252.636 ms - 624","service":"api-service","timestamp":"2026-03-14 20:14:37"}
{"level":"info","message":"GET /api/v1/certificates/69b572f27300cb5cd39bae4c 200 166.231 ms - 963","service":"api-service","timestamp":"2026-03-14 20:14:45"}
{"level":"info","message":"GET /api/v1/certificates/69b572f27300cb5cd39bae4c/summary 200 205.268 ms - 624","service":"api-service","timestamp":"2026-03-14 20:14:45"}
{"level":"info","message":"GET /api/v1/certificates/69b572f27300cb5cd39bae4c 200 134.590 ms - 963","service":"api-service","timestamp":"2026-03-14 20:14:45"}
{"level":"info","message":"GET /api/v1/certificates/69b572f27300cb5cd39bae4c/summary 200 191.056 ms - 624","service":"api-service","timestamp":"2026-03-14 20:14:45"}
{"level":"info","message":"🚀 Server is running on port 3000","service":"api-service","timestamp":"2026-03-14 20:15:32"}
{"level":"info","message":"🌍 Environment: development","service":"api-service","timestamp":"2026-03-14 20:15:32"}
{"level":"info","message":"📡 API available at http://localhost:3000/api","service":"api-service","timestamp":"2026-03-14 20:15:32"}
{"level":"info","message":"GET /api/v1/clients?page=1&limit=20 200 96.644 ms - 989","service":"api-service","timestamp":"2026-03-14 20:18:18"}
{"level":"info","message":"GET /api/v1/clients?page=1&limit=20 200 85.966 ms - 989","service":"api-service","timestamp":"2026-03-14 20:18:18"}
{"level":"info","message":"GET /api/v1/clients/69b56f1f7300cb5cd39bad38 200 82.436 ms - 498","service":"api-service","timestamp":"2026-03-14 20:18:19"}
{"level":"info","message":"GET /api/v1/clients/69b56f1f7300cb5cd39bad38/certificates 200 81.313 ms - 865","service":"api-service","timestamp":"2026-03-14 20:18:19"}
{"level":"info","message":"GET /api/v1/clients/69b56f1f7300cb5cd39bad38/certificates 200 69.940 ms - 865","service":"api-service","timestamp":"2026-03-14 20:18:19"}
{"level":"info","message":"GET /api/v1/clients/69b56f1f7300cb5cd39bad38 200 72.746 ms - 498","service":"api-service","timestamp":"2026-03-14 20:18:19"}
{"level":"info","message":"GET /api/v1/clients?page=1&limit=20 200 99.053 ms - 989","service":"api-service","timestamp":"2026-03-14 20:18:21"}
{"level":"info","message":"GET /api/v1/clients?page=1&limit=20 200 63.642 ms - 989","service":"api-service","timestamp":"2026-03-14 20:18:21"}
{"level":"info","message":"GET /api/v1/clients/69b55d7b104012116beecb77 200 147.577 ms - 582","service":"api-service","timestamp":"2026-03-14 20:18:22"}
{"level":"info","message":"GET /api/v1/clients/69b55d7b104012116beecb77/certificates 200 150.075 ms - 1395","service":"api-service","timestamp":"2026-03-14 20:18:22"}
{"level":"info","message":"GET /api/v1/clients/69b55d7b104012116beecb77 200 75.417 ms - 582","service":"api-service","timestamp":"2026-03-14 20:18:22"}
{"level":"info","message":"GET /api/v1/clients/69b55d7b104012116beecb77/certificates 200 75.742 ms - 1395","service":"api-service","timestamp":"2026-03-14 20:18:22"}
{"level":"info","message":"GET /api/v1/certificates/69b55d8b104012116beecb83 200 152.660 ms - 1065","service":"api-service","timestamp":"2026-03-14 20:18:37"}
{"level":"info","message":"GET /api/v1/certificates/69b55d8b104012116beecb83/summary 200 239.864 ms - 1055","service":"api-service","timestamp":"2026-03-14 20:18:37"}
{"level":"info","message":"GET /api/v1/certificates/69b55d8b104012116beecb83/summary 200 232.879 ms - 1055","service":"api-service","timestamp":"2026-03-14 20:18:38"}
{"level":"info","message":"GET /api/v1/certificates/69b55d8b104012116beecb83 200 870.359 ms - 1065","service":"api-service","timestamp":"2026-03-14 20:18:38"}
{"level":"info","message":"PATCH /api/v1/certificates/69b55d8b104012116beecb83/reopen 200 195.775 ms - 1019","service":"api-service","timestamp":"2026-03-14 20:18:43"}
{"level":"info","message":"GET /api/v1/clients/69b55d7b104012116beecb77 200 90.486 ms - 582","service":"api-service","timestamp":"2026-03-14 20:18:46"}
{"level":"info","message":"GET /api/v1/clients/69b55d7b104012116beecb77/certificates 200 97.970 ms - 1350","service":"api-service","timestamp":"2026-03-14 20:18:46"}
{"level":"info","message":"GET /api/v1/clients/69b55d7b104012116beecb77 200 62.184 ms - 582","service":"api-service","timestamp":"2026-03-14 20:18:46"}
{"level":"info","message":"GET /api/v1/clients/69b55d7b104012116beecb77/certificates 200 69.479 ms - 1350","service":"api-service","timestamp":"2026-03-14 20:18:46"}
{"level":"info","message":"GET /api/v1/clients/69b55d7b104012116beecb77 200 67.874 ms - 582","service":"api-service","timestamp":"2026-03-14 20:18:51"}
{"level":"info","message":"GET /api/v1/clients/69b55d7b104012116beecb77 200 88.445 ms - 582","service":"api-service","timestamp":"2026-03-14 20:18:51"}
{"level":"info","message":"GET /api/v1/clients?page=1&limit=20 200 115.358 ms - 989","service":"api-service","timestamp":"2026-03-14 20:18:55"}
{"level":"info","message":"GET /api/v1/clients?page=1&limit=20 200 84.607 ms - 989","service":"api-service","timestamp":"2026-03-14 20:18:55"}
{"level":"info","message":"GET /api/v1/clients/69b56f1f7300cb5cd39bad38/certificates 200 88.599 ms - 865","service":"api-service","timestamp":"2026-03-14 20:18:58"}
{"level":"info","message":"GET /api/v1/clients/69b56f1f7300cb5cd39bad38 200 99.158 ms - 498","service":"api-service","timestamp":"2026-03-14 20:18:58"}
{"level":"info","message":"GET /api/v1/clients/69b56f1f7300cb5cd39bad38/certificates 200 72.572 ms - 865","service":"api-service","timestamp":"2026-03-14 20:18:58"}
{"level":"info","message":"GET /api/v1/clients/69b56f1f7300cb5cd39bad38 200 80.199 ms - 498","service":"api-service","timestamp":"2026-03-14 20:18:58"}
{"level":"info","message":"GET /api/v1/clients?page=1&limit=20 200 100.542 ms - 989","service":"api-service","timestamp":"2026-03-14 20:19:00"}
{"level":"info","message":"GET /api/v1/clients?page=1&limit=20 200 63.451 ms - 989","service":"api-service","timestamp":"2026-03-14 20:19:00"}
{"level":"info","message":"GET /api/v1/clients/69b55d7b104012116beecb77/certificates 200 91.759 ms - 1350","service":"api-service","timestamp":"2026-03-14 20:19:01"}
{"level":"info","message":"GET /api/v1/clients/69b55d7b104012116beecb77 200 103.543 ms - 582","service":"api-service","timestamp":"2026-03-14 20:19:01"}
{"level":"info","message":"GET /api/v1/clients/69b55d7b104012116beecb77/certificates 200 62.829 ms - 1350","service":"api-service","timestamp":"2026-03-14 20:19:01"}
{"level":"info","message":"GET /api/v1/clients/69b55d7b104012116beecb77 200 84.555 ms - 582","service":"api-service","timestamp":"2026-03-14 20:19:01"}
{"level":"info","message":"GET /api/v1/certificates/69b572f27300cb5cd39bae4c 200 120.047 ms - 963","service":"api-service","timestamp":"2026-03-14 20:19:03"}
{"level":"info","message":"GET /api/v1/certificates/69b572f27300cb5cd39bae4c/summary 200 162.422 ms - 895","service":"api-service","timestamp":"2026-03-14 20:19:03"}
{"level":"info","message":"GET /api/v1/certificates/69b572f27300cb5cd39bae4c 200 190.317 ms - 963","service":"api-service","timestamp":"2026-03-14 20:19:04"}
{"level":"info","message":"GET /api/v1/certificates/69b572f27300cb5cd39bae4c/summary 200 274.478 ms - 895","service":"api-service","timestamp":"2026-03-14 20:19:04"}
{"level":"info","message":"GET /api/v1/clients/69b55d7b104012116beecb77 200 122.628 ms - 582","service":"api-service","timestamp":"2026-03-14 20:19:07"}
{"level":"info","message":"GET /api/v1/clients/69b55d7b104012116beecb77/certificates 200 129.283 ms - 1350","service":"api-service","timestamp":"2026-03-14 20:19:07"}
{"level":"info","message":"GET /api/v1/clients/69b55d7b104012116beecb77 200 76.403 ms - 582","service":"api-service","timestamp":"2026-03-14 20:19:07"}
{"level":"info","message":"GET /api/v1/clients/69b55d7b104012116beecb77/certificates 200 79.220 ms - 1350","service":"api-service","timestamp":"2026-03-14 20:19:07"}
{"level":"info","message":"GET /api/v1/certificates/69b572f27300cb5cd39bae4c 200 145.010 ms - 963","service":"api-service","timestamp":"2026-03-14 20:19:08"}
{"level":"info","message":"GET /api/v1/certificates/69b572f27300cb5cd39bae4c/summary 200 225.128 ms - 895","service":"api-service","timestamp":"2026-03-14 20:19:08"}
{"level":"info","message":"GET /api/v1/certificates/69b572f27300cb5cd39bae4c 200 157.915 ms - 963","service":"api-service","timestamp":"2026-03-14 20:19:08"}
{"level":"info","message":"GET /api/v1/certificates/69b572f27300cb5cd39bae4c/summary 200 218.853 ms - 895","service":"api-service","timestamp":"2026-03-14 20:19:08"}
{"level":"info","message":"GET /api/v1/certificates/69b572f27300cb5cd39bae4c 200 164.870 ms - 963","service":"api-service","timestamp":"2026-03-14 20:19:17"}
{"level":"info","message":"GET /api/v1/certificates/69b572f27300cb5cd39bae4c/summary 200 233.035 ms - 895","service":"api-service","timestamp":"2026-03-14 20:19:17"}
{"level":"info","message":"GET /api/v1/certificates/69b572f27300cb5cd39bae4c 200 134.243 ms - 963","service":"api-service","timestamp":"2026-03-14 20:19:17"}
{"level":"info","message":"GET /api/v1/certificates/69b572f27300cb5cd39bae4c/summary 200 254.382 ms - 895","service":"api-service","timestamp":"2026-03-14 20:19:17"}
{"level":"info","message":"GET /api/v1/certificates/69b572f27300cb5cd39bae4c/guarantors 200 130.531 ms - 305","service":"api-service","timestamp":"2026-03-14 20:19:21"}
{"level":"info","message":"GET /api/v1/certificates/69b572f27300cb5cd39bae4c/guarantors 200 77.847 ms - 305","service":"api-service","timestamp":"2026-03-14 20:19:21"}
{"level":"info","message":"GET /api/v1/certificates/69b572f27300cb5cd39bae4c/liabilities 200 79.758 ms - 310","service":"api-service","timestamp":"2026-03-14 20:19:22"}
{"level":"info","message":"GET /api/v1/certificates/69b572f27300cb5cd39bae4c 200 157.627 ms - 963","service":"api-service","timestamp":"2026-03-14 20:19:23"}
{"level":"info","message":"GET /api/v1/certificates/69b572f27300cb5cd39bae4c/liabilities 200 78.677 ms - 310","service":"api-service","timestamp":"2026-03-14 20:19:23"}
{"level":"info","message":"GET /api/v1/certificates/69b572f27300cb5cd39bae4c 200 139.024 ms - 963","service":"api-service","timestamp":"2026-03-14 20:19:23"}
{"level":"info","message":"GET /api/v1/certificates/69b572f27300cb5cd39bae4c/annexure2 200 69.862 ms - 735","service":"api-service","timestamp":"2026-03-14 20:19:24"}
{"level":"info","message":"GET /api/v1/certificates/69b572f27300cb5cd39bae4c/annexure2 200 75.973 ms - 735","service":"api-service","timestamp":"2026-03-14 20:19:24"}
{"level":"info","message":"GET /api/v1/clients?page=1&limit=20 200 114.930 ms - 989","service":"api-service","timestamp":"2026-03-14 20:19:26"}
{"level":"info","message":"GET /api/v1/clients?page=1&limit=20 200 70.093 ms - 989","service":"api-service","timestamp":"2026-03-14 20:19:26"}
{"level":"info","message":"GET /api/v1/clients/69b55d7b104012116beecb77 200 104.720 ms - 582","service":"api-service","timestamp":"2026-03-14 20:19:27"}
{"level":"info","message":"GET /api/v1/clients/69b55d7b104012116beecb77/certificates 200 104.713 ms - 1350","service":"api-service","timestamp":"2026-03-14 20:19:27"}
{"level":"info","message":"GET /api/v1/clients/69b55d7b104012116beecb77 200 68.119 ms - 582","service":"api-service","timestamp":"2026-03-14 20:19:27"}
{"level":"info","message":"GET /api/v1/clients/69b55d7b104012116beecb77/certificates 200 68.227 ms - 1350","service":"api-service","timestamp":"2026-03-14 20:19:27"}
{"level":"info","message":"GET /api/v1/certificates/69b572f27300cb5cd39bae4c 200 170.736 ms - 963","service":"api-service","timestamp":"2026-03-14 20:19:28"}
{"level":"info","message":"GET /api/v1/certificates/69b572f27300cb5cd39bae4c/summary 200 247.613 ms - 895","service":"api-service","timestamp":"2026-03-14 20:19:28"}
{"level":"info","message":"GET /api/v1/certificates/69b572f27300cb5cd39bae4c 200 144.424 ms - 963","service":"api-service","timestamp":"2026-03-14 20:19:29"}
{"level":"info","message":"GET /api/v1/certificates/69b572f27300cb5cd39bae4c/summary 200 221.922 ms - 895","service":"api-service","timestamp":"2026-03-14 20:19:29"}
{"level":"info","message":"GET /api/v1/certificates/69b572f27300cb5cd39bae4c/annexure1 200 66.664 ms - 883","service":"api-service","timestamp":"2026-03-14 20:19:47"}
{"level":"info","message":"GET /api/v1/certificates/69b572f27300cb5cd39bae4c/annexure1 200 75.336 ms - 883","service":"api-service","timestamp":"2026-03-14 20:19:47"}
{"level":"info","message":"GET /api/v1/certificates/69b572f27300cb5cd39bae4c/annexure2 200 73.163 ms - 735","service":"api-service","timestamp":"2026-03-14 20:19:50"}
{"level":"info","message":"GET /api/v1/certificates/69b572f27300cb5cd39bae4c/annexure2 200 62.040 ms - 735","service":"api-service","timestamp":"2026-03-14 20:19:50"}
{"level":"info","message":"GET /api/v1/certificates/69b572f27300cb5cd39bae4c/liabilities 200 83.201 ms - 310","service":"api-service","timestamp":"2026-03-14 20:19:50"}
{"level":"info","message":"GET /api/v1/certificates/69b572f27300cb5cd39bae4c/liabilities 200 77.728 ms - 310","service":"api-service","timestamp":"2026-03-14 20:19:50"}
{"level":"info","message":"GET /api/v1/certificates/69b572f27300cb5cd39bae4c 200 167.972 ms - 963","service":"api-service","timestamp":"2026-03-14 20:19:50"}
{"level":"info","message":"GET /api/v1/certificates/69b572f27300cb5cd39bae4c 200 175.060 ms - 963","service":"api-service","timestamp":"2026-03-14 20:19:51"}
{"level":"info","message":"GET /api/v1/certificates/69b572f27300cb5cd39bae4c/guarantors 200 72.577 ms - 305","service":"api-service","timestamp":"2026-03-14 20:19:51"}
{"level":"info","message":"GET /api/v1/certificates/69b572f27300cb5cd39bae4c/guarantors 200 68.962 ms - 305","service":"api-service","timestamp":"2026-03-14 20:19:51"}
{"level":"info","message":"GET /api/v1/certificates/69b572f27300cb5cd39bae4c 200 183.841 ms - 963","service":"api-service","timestamp":"2026-03-14 20:19:54"}
{"level":"info","message":"GET /api/v1/certificates/69b572f27300cb5cd39bae4c/summary 200 251.999 ms - 895","service":"api-service","timestamp":"2026-03-14 20:19:54"}
{"level":"info","message":"GET /api/v1/certificates/69b572f27300cb5cd39bae4c 200 138.211 ms - 963","service":"api-service","timestamp":"2026-03-14 20:19:54"}
{"level":"info","message":"GET /api/v1/certificates/69b572f27300cb5cd39bae4c/summary 200 239.132 ms - 895","service":"api-service","timestamp":"2026-03-14 20:19:54"}
{"level":"info","message":"GET /api/v1/certificates/69b572f27300cb5cd39bae4c 200 216.699 ms - 963","service":"api-service","timestamp":"2026-03-14 20:19:59"}
{"level":"info","message":"GET /api/v1/certificates/69b572f27300cb5cd39bae4c/summary 200 292.496 ms - 895","service":"api-service","timestamp":"2026-03-14 20:19:59"}
{"level":"info","message":"GET /api/v1/certificates/69b572f27300cb5cd39bae4c 200 136.315 ms - 963","service":"api-service","timestamp":"2026-03-14 20:19:59"}
{"level":"info","message":"GET /api/v1/certificates/69b572f27300cb5cd39bae4c/summary 200 225.783 ms - 895","service":"api-service","timestamp":"2026-03-14 20:19:59"}
{"level":"info","message":"GET /api/v1/certificates/69b572f27300cb5cd39bae4c/annexure1 200 74.612 ms - 883","service":"api-service","timestamp":"2026-03-14 20:20:08"}
{"level":"info","message":"GET /api/v1/certificates/69b572f27300cb5cd39bae4c/annexure1 200 77.269 ms - 883","service":"api-service","timestamp":"2026-03-14 20:20:08"}
{"level":"info","message":"GET /api/v1/clients?page=1&limit=20 200 126.317 ms - 989","service":"api-service","timestamp":"2026-03-14 20:20:10"}
{"level":"info","message":"GET /api/v1/clients?page=1&limit=20 200 84.027 ms - 989","service":"api-service","timestamp":"2026-03-14 20:20:10"}
{"level":"info","message":"GET /api/v1/clients/69b56f1f7300cb5cd39bad38/certificates 200 76.550 ms - 865","service":"api-service","timestamp":"2026-03-14 20:20:39"}
{"level":"info","message":"GET /api/v1/clients/69b56f1f7300cb5cd39bad38 200 77.676 ms - 498","service":"api-service","timestamp":"2026-03-14 20:20:39"}
{"level":"info","message":"GET /api/v1/clients/69b56f1f7300cb5cd39bad38/certificates 200 63.369 ms - 865","service":"api-service","timestamp":"2026-03-14 20:20:39"}
{"level":"info","message":"GET /api/v1/clients/69b56f1f7300cb5cd39bad38 200 67.273 ms - 498","service":"api-service","timestamp":"2026-03-14 20:20:39"}
{"level":"info","message":"GET /api/v1/certificates/69b571437300cb5cd39bad94 200 155.234 ms - 849","service":"api-service","timestamp":"2026-03-14 20:20:48"}
{"level":"info","message":"GET /api/v1/certificates/69b571437300cb5cd39bad94/summary 200 223.867 ms - 791","service":"api-service","timestamp":"2026-03-14 20:20:48"}
{"level":"info","message":"GET /api/v1/certificates/69b571437300cb5cd39bad94 200 121.988 ms - 849","service":"api-service","timestamp":"2026-03-14 20:20:48"}
{"level":"info","message":"GET /api/v1/certificates/69b571437300cb5cd39bad94/summary 200 205.291 ms - 791","service":"api-service","timestamp":"2026-03-14 20:20:48"}
{"level":"info","message":"GET /api/v1/certificates/69b571437300cb5cd39bad94/annexure1 200 106.450 ms - 363","service":"api-service","timestamp":"2026-03-14 20:20:51"}
{"level":"info","message":"GET /api/v1/certificates/69b571437300cb5cd39bad94/annexure1 200 71.532 ms - 363","service":"api-service","timestamp":"2026-03-14 20:20:51"}
{"level":"info","message":"GET /api/v1/certificates/69b571437300cb5cd39bad94 200 153.351 ms - 849","service":"api-service","timestamp":"2026-03-14 20:20:53"}
{"level":"info","message":"GET /api/v1/certificates/69b571437300cb5cd39bad94/summary 200 244.874 ms - 791","service":"api-service","timestamp":"2026-03-14 20:20:53"}
{"level":"info","message":"GET /api/v1/certificates/69b571437300cb5cd39bad94 200 135.837 ms - 849","service":"api-service","timestamp":"2026-03-14 20:20:53"}
{"level":"info","message":"GET /api/v1/certificates/69b571437300cb5cd39bad94/summary 200 226.737 ms - 791","service":"api-service","timestamp":"2026-03-14 20:20:53"}
{"level":"info","message":"GET /api/v1/certificates/69b571437300cb5cd39bad94/liabilities 200 276.439 ms - 310","service":"api-service","timestamp":"2026-03-14 20:20:54"}
{"level":"info","message":"GET /api/v1/certificates/69b571437300cb5cd39bad94/liabilities 200 160.416 ms - 310","service":"api-service","timestamp":"2026-03-14 20:20:54"}
{"level":"info","message":"GET /api/v1/certificates/69b571437300cb5cd39bad94 200 441.978 ms - 849","service":"api-service","timestamp":"2026-03-14 20:20:54"}
{"level":"info","message":"GET /api/v1/certificates/69b571437300cb5cd39bad94 200 161.667 ms - 849","service":"api-service","timestamp":"2026-03-14 20:20:54"}
{"level":"info","message":"POST /api/v1/certificates/69b571437300cb5cd39bad94/liabilities/item 201 311.920 ms - 458","service":"api-service","timestamp":"2026-03-14 20:21:09"}
{"level":"info","message":"GET /api/v1/certificates/69b571437300cb5cd39bad94/liabilities 200 66.480 ms - 459","service":"api-service","timestamp":"2026-03-14 20:21:09"}
{"level":"info","message":"GET /api/v1/certificates/69b571437300cb5cd39bad94/liabilities 200 67.607 ms - 459","service":"api-service","timestamp":"2026-03-14 20:21:26"}
{"level":"info","message":"GET /api/v1/certificates/69b571437300cb5cd39bad94/liabilities 200 78.059 ms - 459","service":"api-service","timestamp":"2026-03-14 20:21:26"}
{"level":"info","message":"GET /api/v1/certificates/69b571437300cb5cd39bad94 200 149.237 ms - 909","service":"api-service","timestamp":"2026-03-14 20:21:26"}
{"level":"info","message":"GET /api/v1/certificates/69b571437300cb5cd39bad94 200 138.266 ms - 909","service":"api-service","timestamp":"2026-03-14 20:21:26"}
{"level":"info","message":"GET /api/v1/clients?page=1&limit=20 200 84.113 ms - 989","service":"api-service","timestamp":"2026-03-14 20:21:28"}
{"level":"info","message":"GET /api/v1/clients?page=1&limit=20 200 67.266 ms - 989","service":"api-service","timestamp":"2026-03-14 20:21:28"}
{"level":"info","message":"GET /api/v1/clients?page=1&limit=5 200 124.012 ms - 989","service":"api-service","timestamp":"2026-03-14 20:21:34"}
{"level":"info","message":"GET /api/v1/clients?page=1&limit=5 200 71.911 ms - 989","service":"api-service","timestamp":"2026-03-14 20:21:34"}
{"level":"info","message":"GET /api/v1/clients/69b56f1f7300cb5cd39bad38 200 73.029 ms - 498","service":"api-service","timestamp":"2026-03-14 20:21:37"}
{"level":"info","message":"GET /api/v1/clients/69b56f1f7300cb5cd39bad38/certificates 200 72.894 ms - 925","service":"api-service","timestamp":"2026-03-14 20:21:37"}
{"level":"info","message":"GET /api/v1/clients/69b56f1f7300cb5cd39bad38 200 70.567 ms - 498","service":"api-service","timestamp":"2026-03-14 20:21:37"}
{"level":"info","message":"GET /api/v1/clients/69b56f1f7300cb5cd39bad38/certificates 200 70.617 ms - 925","service":"api-service","timestamp":"2026-03-14 20:21:37"}
{"level":"info","message":"GET /api/v1/clients?page=1&limit=20 200 117.230 ms - 989","service":"api-service","timestamp":"2026-03-14 20:21:39"}
{"level":"info","message":"GET /api/v1/clients?page=1&limit=20 200 76.355 ms - 989","service":"api-service","timestamp":"2026-03-14 20:21:39"}
{"level":"info","message":"GET /api/v1/clients?page=1&limit=5 200 92.761 ms - 989","service":"api-service","timestamp":"2026-03-14 20:21:39"}
{"level":"info","message":"GET /api/v1/clients?page=1&limit=5 200 88.347 ms - 989","service":"api-service","timestamp":"2026-03-14 20:21:39"}
{"level":"info","message":"GET /api/v1/clients?page=1&limit=20 200 95.310 ms - 989","service":"api-service","timestamp":"2026-03-14 20:21:46"}
{"level":"info","message":"GET /api/v1/clients?page=1&limit=20 200 104.103 ms - 989","service":"api-service","timestamp":"2026-03-14 20:21:46"}
{"level":"info","message":"GET /api/v1/clients?page=1&limit=5 200 72.920 ms - 989","service":"api-service","timestamp":"2026-03-14 20:21:47"}
{"level":"info","message":"GET /api/v1/clients?page=1&limit=5 200 78.924 ms - 989","service":"api-service","timestamp":"2026-03-14 20:21:47"}
{"level":"info","message":"GET /api/v1/clients?page=1&limit=20 200 71.896 ms - 989","service":"api-service","timestamp":"2026-03-14 20:21:48"}
{"level":"info","message":"GET /api/v1/clients?page=1&limit=20 200 94.183 ms - 989","service":"api-service","timestamp":"2026-03-14 20:21:49"}
{"level":"info","message":"GET /api/v1/clients/69b56f1f7300cb5cd39bad38 200 92.779 ms - 498","service":"api-service","timestamp":"2026-03-14 20:22:11"}
{"level":"info","message":"GET /api/v1/clients/69b56f1f7300cb5cd39bad38 200 71.855 ms - 498","service":"api-service","timestamp":"2026-03-14 20:22:11"}
{"level":"info","message":"GET /api/v1/clients?page=1&limit=20 200 68.375 ms - 989","service":"api-service","timestamp":"2026-03-14 20:22:13"}
{"level":"info","message":"GET /api/v1/clients?page=1&limit=20 200 76.845 ms - 989","service":"api-service","timestamp":"2026-03-14 20:22:13"}
{"level":"info","message":"GET /api/v1/clients/69b56f1f7300cb5cd39bad38 200 102.211 ms - 498","service":"api-service","timestamp":"2026-03-14 20:22:14"}
{"level":"info","message":"GET /api/v1/clients/69b56f1f7300cb5cd39bad38/certificates 200 102.403 ms - 925","service":"api-service","timestamp":"2026-03-14 20:22:14"}
{"level":"info","message":"GET /api/v1/clients/69b56f1f7300cb5cd39bad38 200 76.408 ms - 498","service":"api-service","timestamp":"2026-03-14 20:22:15"}
{"level":"info","message":"GET /api/v1/clients/69b56f1f7300cb5cd39bad38/certificates 200 75.727 ms - 925","service":"api-service","timestamp":"2026-03-14 20:22:15"}
{"level":"info","message":"GET /api/v1/certificates/69b571437300cb5cd39bad94 200 209.450 ms - 909","service":"api-service","timestamp":"2026-03-14 20:22:16"}
{"level":"info","message":"GET /api/v1/certificates/69b571437300cb5cd39bad94/summary 200 305.501 ms - 943","service":"api-service","timestamp":"2026-03-14 20:22:16"}
{"level":"info","message":"GET /api/v1/certificates/69b571437300cb5cd39bad94 200 143.942 ms - 909","service":"api-service","timestamp":"2026-03-14 20:22:16"}
{"level":"info","message":"GET /api/v1/certificates/69b571437300cb5cd39bad94/summary 200 247.516 ms - 943","service":"api-service","timestamp":"2026-03-14 20:22:16"}
{"level":"info","message":"GET /api/v1/certificates/69b571437300cb5cd39bad94/annexure1 200 101.120 ms - 363","service":"api-service","timestamp":"2026-03-14 20:22:20"}
{"level":"info","message":"GET /api/v1/certificates/69b571437300cb5cd39bad94/annexure1 200 91.045 ms - 363","service":"api-service","timestamp":"2026-03-14 20:22:20"}
{"level":"info","message":"POST /api/v1/certificates/69b571437300cb5cd39bad94/annexure1/bySelf 201 340.075 ms - 888","service":"api-service","timestamp":"2026-03-14 20:22:55"}
{"level":"info","message":"PUT /api/v1/certificates/69b571437300cb5cd39bad94/annexure1/bySelf/69b576476c474783e092d9af 200 376.012 ms - 887","service":"api-service","timestamp":"2026-03-14 20:23:02"}
{"level":"info","message":"GET /api/v1/clients?page=1&limit=20 200 155.092 ms - 989","service":"api-service","timestamp":"2026-03-14 20:24:09"}
{"level":"info","message":"GET /api/v1/clients?page=1&limit=20 200 79.367 ms - 989","service":"api-service","timestamp":"2026-03-14 20:24:09"}
{"level":"info","message":"POST /api/v1/clients/import 200 201.631 ms - 117","service":"api-service","timestamp":"2026-03-14 20:24:51"}
{"level":"info","message":"GET /api/v1/clients?page=1&limit=20 200 87.910 ms - 1391","service":"api-service","timestamp":"2026-03-14 20:24:51"}
{"level":"info","message":"GET /api/v1/clients?page=1&limit=20&search=j 200 133.989 ms - 541","service":"api-service","timestamp":"2026-03-14 20:25:04"}
{"level":"info","message":"GET /api/v1/clients?page=1&limit=20&search=jo 200 76.772 ms - 541","service":"api-service","timestamp":"2026-03-14 20:25:04"}
{"level":"info","message":"GET /api/v1/clients?page=1&limit=20&search=j 200 106.793 ms - 541","service":"api-service","timestamp":"2026-03-14 20:25:05"}
{"level":"info","message":"GET /api/v1/clients?page=1&limit=20 200 99.880 ms - 1391","service":"api-service","timestamp":"2026-03-14 20:25:05"}
{"level":"info","message":"GET /api/v1/clients?page=1&limit=20&search=b 200 129.493 ms - 924","service":"api-service","timestamp":"2026-03-14 20:25:07"}
{"level":"info","message":"GET /api/v1/clients?page=1&limit=20&search=bi 200 76.921 ms - 522","service":"api-service","timestamp":"2026-03-14 20:25:07"}
{"level":"info","message":"GET /api/v1/clients?page=1&limit=20&search=bil 200 145.919 ms - 522","service":"api-service","timestamp":"2026-03-14 20:25:08"}
{"level":"info","message":"GET /api/v1/clients?page=1&limit=20&search=bi 200 80.116 ms - 522","service":"api-service","timestamp":"2026-03-14 20:25:08"}
{"level":"info","message":"GET /api/v1/clients?page=1&limit=20&search=b 200 138.093 ms - 924","service":"api-service","timestamp":"2026-03-14 20:25:08"}
{"level":"info","message":"GET /api/v1/clients?page=1&limit=20 200 89.681 ms - 1391","service":"api-service","timestamp":"2026-03-14 20:25:09"}
{"level":"info","message":"GET /api/v1/clients/69b576bb6c474783e092d9c5 200 65.834 ms - 517","service":"api-service","timestamp":"2026-03-14 20:25:30"}
{"level":"info","message":"GET /api/v1/clients/69b576bb6c474783e092d9c5 200 84.840 ms - 517","service":"api-service","timestamp":"2026-03-14 20:25:30"}
{"level":"info","message":"GET /api/v1/clients?page=1&limit=20 200 61.955 ms - 1391","service":"api-service","timestamp":"2026-03-14 20:25:33"}
{"level":"info","message":"GET /api/v1/clients?page=1&limit=20 200 65.460 ms - 1391","service":"api-service","timestamp":"2026-03-14 20:25:33"}
{"level":"info","message":"GET /api/v1/clients/69b576bb6c474783e092d9c5 200 58.214 ms - 517","service":"api-service","timestamp":"2026-03-14 20:25:35"}
{"level":"info","message":"GET /api/v1/clients/69b576bb6c474783e092d9c5 200 56.931 ms - 517","service":"api-service","timestamp":"2026-03-14 20:25:35"}
{"level":"info","message":"PUT /api/v1/clients/69b576bb6c474783e092d9c5 200 167.888 ms - 634","service":"api-service","timestamp":"2026-03-14 20:25:44"}
{"level":"info","message":"GET /api/v1/clients?page=1&limit=20 200 70.014 ms - 1510","service":"api-service","timestamp":"2026-03-14 20:25:44"}
{"level":"info","message":"GET /api/v1/clients?page=1&limit=20 200 113.375 ms - 1510","service":"api-service","timestamp":"2026-03-14 20:25:44"}
{"level":"info","message":"GET /api/v1/clients/69b576bb6c474783e092d9c5/certificates 200 64.122 ms - 130","service":"api-service","timestamp":"2026-03-14 20:25:46"}
{"level":"info","message":"GET /api/v1/clients/69b576bb6c474783e092d9c5 200 66.489 ms - 636","service":"api-service","timestamp":"2026-03-14 20:25:46"}
{"level":"info","message":"GET /api/v1/clients/69b576bb6c474783e092d9c5/certificates 200 67.739 ms - 130","service":"api-service","timestamp":"2026-03-14 20:25:46"}
{"level":"info","message":"GET /api/v1/clients/69b576bb6c474783e092d9c5 200 73.813 ms - 636","service":"api-service","timestamp":"2026-03-14 20:25:46"}
{"level":"info","message":"POST /api/v1/certificates 201 340.455 ms - 491","service":"api-service","timestamp":"2026-03-14 20:25:56"}
{"level":"info","message":"GET /api/v1/certificates/69b576fc6c474783e092d9f1/annexure1 200 90.847 ms - 363","service":"api-service","timestamp":"2026-03-14 20:25:56"}
{"level":"info","message":"GET /api/v1/certificates/69b576fc6c474783e092d9f1/annexure1 200 76.995 ms - 363","service":"api-service","timestamp":"2026-03-14 20:25:56"}
{"level":"info","message":"POST /api/v1/certificates/69b576fc6c474783e092d9f1/annexure1/bySelf 201 345.012 ms - 896","service":"api-service","timestamp":"2026-03-14 20:27:02"}
{"level":"info","message":"GET /api/v1/certificates/69b576fc6c474783e092d9f1/annexure2 200 66.846 ms - 735","service":"api-service","timestamp":"2026-03-14 20:27:20"}
{"level":"info","message":"GET /api/v1/certificates/69b576fc6c474783e092d9f1/annexure2 200 113.085 ms - 735","service":"api-service","timestamp":"2026-03-14 20:27:20"}
{"level":"info","message":"PUT /api/v1/certificates/69b576fc6c474783e092d9f1/annexure2 200 371.123 ms - 2853","service":"api-service","timestamp":"2026-03-14 20:27:31"}
{"level":"info","message":"GET /api/v1/clients?page=1&limit=20 200 74.392 ms - 1510","service":"api-service","timestamp":"2026-03-14 20:27:43"}
{"level":"info","message":"GET /api/v1/clients?page=1&limit=20 200 76.997 ms - 1510","service":"api-service","timestamp":"2026-03-14 20:27:43"}
{"level":"info","message":"GET /api/v1/clients?page=1&limit=20 200 162.784 ms - 1510","service":"api-service","timestamp":"2026-03-14 20:27:45"}
{"level":"info","message":"GET /api/v1/clients?page=1&limit=20 200 63.834 ms - 1510","service":"api-service","timestamp":"2026-03-14 20:27:45"}
{"level":"info","message":"GET /api/v1/clients?page=1&limit=5 200 109.396 ms - 1510","service":"api-service","timestamp":"2026-03-14 20:27:46"}
{"level":"info","message":"GET /api/v1/clients?page=1&limit=5 200 77.095 ms - 1510","service":"api-service","timestamp":"2026-03-14 20:27:46"}
{"level":"info","message":"GET /api/v1/clients?page=1&limit=20 200 110.814 ms - 1510","service":"api-service","timestamp":"2026-03-14 20:27:59"}
{"level":"info","message":"GET /api/v1/clients?page=1&limit=20 200 75.558 ms - 1510","service":"api-service","timestamp":"2026-03-14 20:27:59"}
{"level":"info","message":"GET /api/v1/clients?page=1&limit=5 200 72.590 ms - 1510","service":"api-service","timestamp":"2026-03-14 20:28:02"}
{"level":"info","message":"GET /api/v1/clients?page=1&limit=5 200 122.265 ms - 1510","service":"api-service","timestamp":"2026-03-14 20:28:02"}
{"level":"info","message":"GET /api/v1/clients?page=1&limit=20 200 154.065 ms - 1510","service":"api-service","timestamp":"2026-03-14 20:28:06"}
{"level":"info","message":"GET /api/v1/clients?page=1&limit=20 200 64.165 ms - 1510","service":"api-service","timestamp":"2026-03-14 20:28:06"}
{"level":"info","message":"GET /api/v1/clients/69b55d7b104012116beecb77 200 105.353 ms - 582","service":"api-service","timestamp":"2026-03-14 20:28:08"}
{"level":"info","message":"GET /api/v1/clients/69b55d7b104012116beecb77 200 117.241 ms - 582","service":"api-service","timestamp":"2026-03-14 20:28:08"}
{"level":"info","message":"GET /api/v1/clients?page=1&limit=20 200 73.338 ms - 1510","service":"api-service","timestamp":"2026-03-14 20:28:11"}
{"level":"info","message":"GET /api/v1/clients?page=1&limit=20 200 56.138 ms - 1510","service":"api-service","timestamp":"2026-03-14 20:28:11"}
{"level":"info","message":"GET /api/v1/clients/69b576bb6c474783e092d9c5 200 79.881 ms - 636","service":"api-service","timestamp":"2026-03-14 20:28:12"}
{"level":"info","message":"GET /api/v1/clients/69b576bb6c474783e092d9c5/certificates 200 78.622 ms - 542","service":"api-service","timestamp":"2026-03-14 20:28:12"}
{"level":"info","message":"GET /api/v1/clients/69b576bb6c474783e092d9c5/certificates 200 68.868 ms - 542","service":"api-service","timestamp":"2026-03-14 20:28:12"}
{"level":"info","message":"GET /api/v1/clients/69b576bb6c474783e092d9c5 200 70.235 ms - 636","service":"api-service","timestamp":"2026-03-14 20:28:12"}
{"level":"info","message":"GET /api/v1/certificates/69b576fc6c474783e092d9f1/export/excel 200 451.577 ms - 16040","service":"api-service","timestamp":"2026-03-14 20:28:16"}
{"level":"info","message":"GET /api/v1/clients/69b576bb6c474783e092d9c5 200 79.416 ms - 636","service":"api-service","timestamp":"2026-03-14 20:29:26"}
{"level":"info","message":"GET /api/v1/clients/69b576bb6c474783e092d9c5/certificates 200 78.728 ms - 542","service":"api-service","timestamp":"2026-03-14 20:29:26"}
{"level":"info","message":"GET /api/v1/clients/69b576bb6c474783e092d9c5/certificates 200 72.242 ms - 542","service":"api-service","timestamp":"2026-03-14 20:29:26"}
{"level":"info","message":"GET /api/v1/clients/69b576bb6c474783e092d9c5 200 74.940 ms - 636","service":"api-service","timestamp":"2026-03-14 20:29:26"}
{"level":"info","message":"GET /api/v1/clients/69b576bb6c474783e092d9c5 200 75.123 ms - 636","service":"api-service","timestamp":"2026-03-14 20:30:45"}
{"level":"info","message":"GET /api/v1/clients/69b576bb6c474783e092d9c5/certificates 200 75.092 ms - 542","service":"api-service","timestamp":"2026-03-14 20:30:45"}
{"level":"info","message":"GET /api/v1/clients/69b576bb6c474783e092d9c5/certificates 200 62.044 ms - 542","service":"api-service","timestamp":"2026-03-14 20:30:45"}
{"level":"info","message":"GET /api/v1/clients/69b576bb6c474783e092d9c5 200 67.523 ms - 636","service":"api-service","timestamp":"2026-03-14 20:30:45"}
{"level":"info","message":"POST /api/v1/auth/login 200 402.624 ms - 807","service":"api-service","timestamp":"2026-03-14 20:33:08"}
{"level":"info","message":"GET /api/v1/clients?page=1&limit=5 200 69.517 ms - 1510","service":"api-service","timestamp":"2026-03-14 20:33:08"}
{"level":"info","message":"GET /api/v1/clients?page=1&limit=5 200 104.094 ms - 1510","service":"api-service","timestamp":"2026-03-14 20:33:08"}
{"level":"info","message":"GET /api/v1/clients?page=1&limit=20 200 96.357 ms - 1510","service":"api-service","timestamp":"2026-03-14 20:33:14"}
{"level":"info","message":"GET /api/v1/clients?page=1&limit=20 200 61.833 ms - 1510","service":"api-service","timestamp":"2026-03-14 20:33:14"}
{"level":"info","message":"GET /api/v1/clients/69b576bb6c474783e092d9c5 200 118.273 ms - 636","service":"api-service","timestamp":"2026-03-14 20:33:17"}
{"level":"info","message":"GET /api/v1/clients/69b576bb6c474783e092d9c5/certificates 200 118.114 ms - 542","service":"api-service","timestamp":"2026-03-14 20:33:17"}
{"level":"info","message":"GET /api/v1/clients/69b576bb6c474783e092d9c5 200 70.333 ms - 636","service":"api-service","timestamp":"2026-03-14 20:33:18"}
{"level":"info","message":"GET /api/v1/clients/69b576bb6c474783e092d9c5/certificates 200 70.167 ms - 542","service":"api-service","timestamp":"2026-03-14 20:33:18"}
{"level":"info","message":"GET /api/v1/certificates/69b576fc6c474783e092d9f1 200 152.849 ms - 1032","service":"api-service","timestamp":"2026-03-14 20:33:19"}
{"level":"info","message":"GET /api/v1/certificates/69b576fc6c474783e092d9f1/summary 200 210.187 ms - 950","service":"api-service","timestamp":"2026-03-14 20:33:19"}
{"level":"info","message":"GET /api/v1/certificates/69b576fc6c474783e092d9f1 200 147.922 ms - 1032","service":"api-service","timestamp":"2026-03-14 20:33:19"}
{"level":"info","message":"GET /api/v1/certificates/69b576fc6c474783e092d9f1/summary 200 235.123 ms - 950","service":"api-service","timestamp":"2026-03-14 20:33:19"}
{"level":"info","message":"GET /api/v1/certificates/69b576fc6c474783e092d9f1 200 149.159 ms - 1032","service":"api-service","timestamp":"2026-03-14 20:33:29"}
{"level":"info","message":"GET /api/v1/certificates/69b576fc6c474783e092d9f1/summary 200 237.503 ms - 950","service":"api-service","timestamp":"2026-03-14 20:33:29"}
{"level":"info","message":"GET /api/v1/certificates/69b576fc6c474783e092d9f1 200 147.384 ms - 1032","service":"api-service","timestamp":"2026-03-14 20:33:29"}
{"level":"info","message":"GET /api/v1/certificates/69b576fc6c474783e092d9f1/summary 200 262.554 ms - 950","service":"api-service","timestamp":"2026-03-14 20:33:29"}
{"level":"info","message":"GET /api/v1/certificates/69b576fc6c474783e092d9f1/guarantors 200 72.705 ms - 305","service":"api-service","timestamp":"2026-03-14 20:33:39"}
{"level":"info","message":"GET /api/v1/certificates/69b576fc6c474783e092d9f1/guarantors 200 82.109 ms - 305","service":"api-service","timestamp":"2026-03-14 20:33:39"}
{"level":"info","message":"GET /api/v1/certificates/69b576fc6c474783e092d9f1/liabilities 200 154.039 ms - 310","service":"api-service","timestamp":"2026-03-14 20:33:40"}
{"level":"info","message":"GET /api/v1/certificates/69b576fc6c474783e092d9f1 200 238.772 ms - 1032","service":"api-service","timestamp":"2026-03-14 20:33:40"}
{"level":"info","message":"GET /api/v1/certificates/69b576fc6c474783e092d9f1/liabilities 200 95.900 ms - 310","service":"api-service","timestamp":"2026-03-14 20:33:40"}
{"level":"info","message":"GET /api/v1/certificates/69b576fc6c474783e092d9f1 200 161.072 ms - 1032","service":"api-service","timestamp":"2026-03-14 20:33:40"}
{"level":"info","message":"GET /api/v1/certificates/69b576fc6c474783e092d9f1/annexure2 200 125.398 ms - 2857","service":"api-service","timestamp":"2026-03-14 20:34:09"}
{"level":"info","message":"GET /api/v1/certificates/69b576fc6c474783e092d9f1/annexure2 200 92.521 ms - 2857","service":"api-service","timestamp":"2026-03-14 20:34:09"}
{"level":"info","message":"GET /api/v1/certificates/69b576fc6c474783e092d9f1/annexure1 200 89.156 ms - 898","service":"api-service","timestamp":"2026-03-14 20:34:12"}
{"level":"info","message":"GET /api/v1/certificates/69b576fc6c474783e092d9f1/annexure1 200 81.666 ms - 898","service":"api-service","timestamp":"2026-03-14 20:34:13"}
{"level":"info","message":"GET /api/v1/certificates/69b576fc6c474783e092d9f1/annexure2 200 103.980 ms - 2857","service":"api-service","timestamp":"2026-03-14 20:34:14"}
{"level":"info","message":"GET /api/v1/certificates/69b576fc6c474783e092d9f1/annexure2 200 83.502 ms - 2857","service":"api-service","timestamp":"2026-03-14 20:34:14"}
{"level":"info","message":"GET /api/v1/certificates/69b576fc6c474783e092d9f1/liabilities 200 155.545 ms - 310","service":"api-service","timestamp":"2026-03-14 20:34:15"}
{"level":"info","message":"GET /api/v1/certificates/69b576fc6c474783e092d9f1/liabilities 200 74.256 ms - 310","service":"api-service","timestamp":"2026-03-14 20:34:15"}
{"level":"info","message":"GET /api/v1/certificates/69b576fc6c474783e092d9f1 200 237.078 ms - 1032","service":"api-service","timestamp":"2026-03-14 20:34:15"}
{"level":"info","message":"GET /api/v1/certificates/69b576fc6c474783e092d9f1 200 164.560 ms - 1032","service":"api-service","timestamp":"2026-03-14 20:34:15"}
{"level":"info","message":"GET /api/v1/certificates/69b576fc6c474783e092d9f1/guarantors 200 104.315 ms - 305","service":"api-service","timestamp":"2026-03-14 20:34:16"}
{"level":"info","message":"GET /api/v1/certificates/69b576fc6c474783e092d9f1/guarantors 200 67.953 ms - 305","service":"api-service","timestamp":"2026-03-14 20:34:16"}
{"level":"info","message":"GET /api/v1/certificates/69b576fc6c474783e092d9f1/liabilities 200 65.358 ms - 310","service":"api-service","timestamp":"2026-03-14 20:34:17"}
{"level":"info","message":"GET /api/v1/certificates/69b576fc6c474783e092d9f1/liabilities 200 118.090 ms - 310","service":"api-service","timestamp":"2026-03-14 20:34:18"}
{"level":"info","message":"GET /api/v1/certificates/69b576fc6c474783e092d9f1 200 189.786 ms - 1032","service":"api-service","timestamp":"2026-03-14 20:34:18"}
{"level":"info","message":"GET /api/v1/certificates/69b576fc6c474783e092d9f1 200 126.504 ms - 1032","service":"api-service","timestamp":"2026-03-14 20:34:18"}
{"level":"info","message":"GET /api/v1/certificates/69b576fc6c474783e092d9f1/annexure2 200 162.647 ms - 2857","service":"api-service","timestamp":"2026-03-14 20:34:22"}
{"level":"info","message":"GET /api/v1/certificates/69b576fc6c474783e092d9f1/annexure2 200 112.785 ms - 2857","service":"api-service","timestamp":"2026-03-14 20:34:22"}
{"level":"info","message":"GET /api/v1/certificates/69b576fc6c474783e092d9f1/annexure1 200 168.007 ms - 898","service":"api-service","timestamp":"2026-03-14 20:34:24"}
{"level":"info","message":"GET /api/v1/certificates/69b576fc6c474783e092d9f1/annexure1 200 95.378 ms - 898","service":"api-service","timestamp":"2026-03-14 20:34:24"}
{"level":"info","message":"GET /api/v1/certificates/69b576fc6c474783e092d9f1 200 200.132 ms - 1032","service":"api-service","timestamp":"2026-03-14 20:35:09"}
{"level":"info","message":"GET /api/v1/certificates/69b576fc6c474783e092d9f1/summary 200 273.292 ms - 950","service":"api-service","timestamp":"2026-03-14 20:35:09"}
{"level":"info","message":"GET /api/v1/certificates/69b576fc6c474783e092d9f1 200 167.406 ms - 1032","service":"api-service","timestamp":"2026-03-14 20:35:09"}
{"level":"info","message":"GET /api/v1/certificates/69b576fc6c474783e092d9f1/summary 200 235.769 ms - 950","service":"api-service","timestamp":"2026-03-14 20:35:09"}
{"level":"info","message":"GET /api/v1/certificates/69b576fc6c474783e092d9f1/annexure1 200 156.501 ms - 898","service":"api-service","timestamp":"2026-03-14 20:35:13"}
{"level":"info","message":"GET /api/v1/certificates/69b576fc6c474783e092d9f1/annexure1 200 71.354 ms - 898","service":"api-service","timestamp":"2026-03-14 20:35:13"}
{"level":"info","message":"GET /api/v1/certificates/69b576fc6c474783e092d9f1 200 237.867 ms - 1032","service":"api-service","timestamp":"2026-03-14 20:35:15"}
{"level":"info","message":"GET /api/v1/certificates/69b576fc6c474783e092d9f1/summary 200 368.443 ms - 950","service":"api-service","timestamp":"2026-03-14 20:35:15"}
{"level":"info","message":"GET /api/v1/certificates/69b576fc6c474783e092d9f1 200 198.400 ms - 1032","service":"api-service","timestamp":"2026-03-14 20:35:15"}
{"level":"info","message":"GET /api/v1/certificates/69b576fc6c474783e092d9f1/summary 200 250.139 ms - 950","service":"api-service","timestamp":"2026-03-14 20:35:16"}
{"level":"info","message":"GET /api/v1/clients?page=1&limit=20 200 88.232 ms - 1510","service":"api-service","timestamp":"2026-03-14 20:35:16"}
{"level":"info","message":"GET /api/v1/clients?page=1&limit=20 200 78.671 ms - 1510","service":"api-service","timestamp":"2026-03-14 20:35:17"}
{"level":"info","message":"GET /api/v1/clients/69b576bb6c474783e092d9c5 200 74.302 ms - 636","service":"api-service","timestamp":"2026-03-14 20:35:25"}
{"level":"info","message":"GET /api/v1/clients/69b576bb6c474783e092d9c5 200 81.631 ms - 636","service":"api-service","timestamp":"2026-03-14 20:35:25"}
{"level":"info","message":"GET /api/v1/clients?page=1&limit=5 200 77.717 ms - 1510","service":"api-service","timestamp":"2026-03-14 20:35:34"}
{"level":"info","message":"GET /api/v1/clients?page=1&limit=5 200 98.774 ms - 1510","service":"api-service","timestamp":"2026-03-14 20:35:34"}
{"level":"info","message":"GET /api/v1/clients?page=1&limit=20 200 130.596 ms - 1510","service":"api-service","timestamp":"2026-03-14 20:35:35"}
{"level":"info","message":"GET /api/v1/clients?page=1&limit=20 200 74.256 ms - 1510","service":"api-service","timestamp":"2026-03-14 20:35:35"}
{"level":"info","message":"GET /api/v1/clients?page=1&limit=5 200 129.200 ms - 1510","service":"api-service","timestamp":"2026-03-14 20:35:36"}
{"level":"info","message":"GET /api/v1/clients?page=1&limit=5 200 78.539 ms - 1510","service":"api-service","timestamp":"2026-03-14 20:35:36"}
{"level":"info","message":"GET /api/v1/clients?page=1&limit=20 200 109.658 ms - 1510","service":"api-service","timestamp":"2026-03-14 20:35:36"}
{"level":"info","message":"GET /api/v1/clients?page=1&limit=20 200 87.553 ms - 1510","service":"api-service","timestamp":"2026-03-14 20:35:36"}
{"level":"info","message":"GET /api/v1/clients/69b576bb6c474783e092d9c5/certificates 200 123.518 ms - 542","service":"api-service","timestamp":"2026-03-14 20:35:37"}
{"level":"info","message":"GET /api/v1/clients/69b576bb6c474783e092d9c5 200 129.555 ms - 636","service":"api-service","timestamp":"2026-03-14 20:35:37"}
{"level":"info","message":"GET /api/v1/clients/69b576bb6c474783e092d9c5/certificates 200 113.180 ms - 542","service":"api-service","timestamp":"2026-03-14 20:35:37"}
{"level":"info","message":"GET /api/v1/clients/69b576bb6c474783e092d9c5 200 111.190 ms - 636","service":"api-service","timestamp":"2026-03-14 20:35:37"}
{"level":"info","message":"GET /api/v1/certificates/69b576fc6c474783e092d9f1 200 159.340 ms - 1032","service":"api-service","timestamp":"2026-03-14 20:35:39"}
{"level":"info","message":"GET /api/v1/certificates/69b576fc6c474783e092d9f1/summary 200 225.455 ms - 950","service":"api-service","timestamp":"2026-03-14 20:35:39"}
{"level":"info","message":"GET /api/v1/certificates/69b576fc6c474783e092d9f1 200 124.409 ms - 1032","service":"api-service","timestamp":"2026-03-14 20:35:39"}
{"level":"info","message":"GET /api/v1/certificates/69b576fc6c474783e092d9f1/summary 200 213.295 ms - 950","service":"api-service","timestamp":"2026-03-14 20:35:39"}
{"level":"info","message":"GET /api/v1/certificates/69b576fc6c474783e092d9f1 200 131.103 ms - 1032","service":"api-service","timestamp":"2026-03-14 20:35:41"}
{"level":"info","message":"GET /api/v1/certificates/69b576fc6c474783e092d9f1/summary 200 217.014 ms - 950","service":"api-service","timestamp":"2026-03-14 20:35:41"}
{"level":"info","message":"GET /api/v1/certificates/69b576fc6c474783e092d9f1 200 168.397 ms - 1032","service":"api-service","timestamp":"2026-03-14 20:35:41"}
{"level":"info","message":"GET /api/v1/certificates/69b576fc6c474783e092d9f1/summary 200 238.221 ms - 950","service":"api-service","timestamp":"2026-03-14 20:35:41"}
{"level":"info","message":"GET /api/v1/certificates/69b576fc6c474783e092d9f1/guarantors 200 64.295 ms - 305","service":"api-service","timestamp":"2026-03-14 20:35:43"}
{"level":"info","message":"GET /api/v1/certificates/69b576fc6c474783e092d9f1/guarantors 200 76.917 ms - 305","service":"api-service","timestamp":"2026-03-14 20:35:43"}
{"level":"info","message":"GET /api/v1/certificates/69b576fc6c474783e092d9f1/liabilities 200 65.655 ms - 310","service":"api-service","timestamp":"2026-03-14 20:35:44"}
{"level":"info","message":"GET /api/v1/certificates/69b576fc6c474783e092d9f1 200 133.566 ms - 1032","service":"api-service","timestamp":"2026-03-14 20:35:44"}
{"level":"info","message":"GET /api/v1/certificates/69b576fc6c474783e092d9f1/liabilities 200 67.056 ms - 310","service":"api-service","timestamp":"2026-03-14 20:35:44"}
{"level":"info","message":"GET /api/v1/certificates/69b576fc6c474783e092d9f1 200 163.958 ms - 1032","service":"api-service","timestamp":"2026-03-14 20:35:44"}
{"level":"info","message":"GET /api/v1/certificates/69b576fc6c474783e092d9f1/annexure2 200 147.576 ms - 2857","service":"api-service","timestamp":"2026-03-14 20:35:46"}
{"level":"info","message":"GET /api/v1/certificates/69b576fc6c474783e092d9f1/annexure2 200 90.402 ms - 2857","service":"api-service","timestamp":"2026-03-14 20:35:46"}
{"level":"info","message":"GET /api/v1/certificates/69b576fc6c474783e092d9f1/annexure1 200 162.267 ms - 898","service":"api-service","timestamp":"2026-03-14 20:35:47"}
{"level":"info","message":"GET /api/v1/certificates/69b576fc6c474783e092d9f1/annexure1 200 78.307 ms - 898","service":"api-service","timestamp":"2026-03-14 20:35:47"}
{"level":"info","message":"GET /api/v1/certificates/69b576fc6c474783e092d9f1 200 220.545 ms - 1032","service":"api-service","timestamp":"2026-03-14 20:35:49"}
{"level":"info","message":"GET /api/v1/certificates/69b576fc6c474783e092d9f1/summary 200 314.595 ms - 950","service":"api-service","timestamp":"2026-03-14 20:35:49"}
{"level":"info","message":"GET /api/v1/certificates/69b576fc6c474783e092d9f1 200 169.297 ms - 1032","service":"api-service","timestamp":"2026-03-14 20:35:49"}
{"level":"info","message":"GET /api/v1/certificates/69b576fc6c474783e092d9f1/summary 200 236.460 ms - 950","service":"api-service","timestamp":"2026-03-14 20:35:49"}
{"level":"info","message":"GET /api/v1/clients?page=1&limit=5 200 85.471 ms - 1510","service":"api-service","timestamp":"2026-03-14 20:36:28"}
{"level":"info","message":"GET /api/v1/clients?page=1&limit=5 200 92.356 ms - 1510","service":"api-service","timestamp":"2026-03-14 20:36:28"}
{"level":"info","message":"GET /api/v1/clients?page=1&limit=5 200 129.437 ms - 1510","service":"api-service","timestamp":"2026-03-14 20:36:37"}
{"level":"info","message":"GET /api/v1/clients?page=1&limit=5 200 65.890 ms - 1510","service":"api-service","timestamp":"2026-03-14 20:36:37"}
{"level":"info","message":"GET /api/v1/clients?page=1&limit=20 200 167.361 ms - 1510","service":"api-service","timestamp":"2026-03-14 20:36:39"}
{"level":"info","message":"GET /api/v1/clients?page=1&limit=20 200 78.209 ms - 1510","service":"api-service","timestamp":"2026-03-14 20:36:39"}
{"level":"info","message":"GET /api/v1/clients?page=1&limit=5 200 119.242 ms - 1510","service":"api-service","timestamp":"2026-03-14 20:36:40"}
{"level":"info","message":"GET /api/v1/clients?page=1&limit=5 200 86.422 ms - 1510","service":"api-service","timestamp":"2026-03-14 20:36:40"}
{"level":"info","message":"GET /api/v1/clients?page=1&limit=20 200 138.633 ms - 1510","service":"api-service","timestamp":"2026-03-14 20:37:29"}
{"level":"info","message":"GET /api/v1/clients?page=1&limit=20 200 98.895 ms - 1510","service":"api-service","timestamp":"2026-03-14 20:37:29"}
{"level":"info","message":"GET /api/v1/clients?page=1&limit=5 200 105.107 ms - 1510","service":"api-service","timestamp":"2026-03-14 20:37:30"}
{"level":"info","message":"GET /api/v1/clients?page=1&limit=5 200 118.699 ms - 1510","service":"api-service","timestamp":"2026-03-14 20:37:30"}
{"level":"info","message":"GET /api/v1/clients/69b576bb6c474783e092d9c5/certificates 200 107.493 ms - 542","service":"api-service","timestamp":"2026-03-14 20:37:56"}
{"level":"info","message":"GET /api/v1/clients/69b576bb6c474783e092d9c5 200 110.937 ms - 636","service":"api-service","timestamp":"2026-03-14 20:37:56"}
{"level":"info","message":"GET /api/v1/clients/69b576bb6c474783e092d9c5/certificates 200 67.809 ms - 542","service":"api-service","timestamp":"2026-03-14 20:37:56"}
{"level":"info","message":"GET /api/v1/clients/69b576bb6c474783e092d9c5 200 67.543 ms - 636","service":"api-service","timestamp":"2026-03-14 20:37:56"}
{"level":"info","message":"GET /api/v1/clients?page=1&limit=5 200 124.607 ms - 1510","service":"api-service","timestamp":"2026-03-14 20:37:58"}
{"level":"info","message":"GET /api/v1/clients?page=1&limit=5 200 90.791 ms - 1510","service":"api-service","timestamp":"2026-03-14 20:37:58"}
{"level":"info","message":"GET /api/v1/clients/69b56f1f7300cb5cd39bad38 200 101.316 ms - 498","service":"api-service","timestamp":"2026-03-14 20:37:59"}
{"level":"info","message":"GET /api/v1/clients/69b56f1f7300cb5cd39bad38/certificates 200 101.088 ms - 923","service":"api-service","timestamp":"2026-03-14 20:37:59"}
{"level":"info","message":"GET /api/v1/clients/69b56f1f7300cb5cd39bad38/certificates 200 67.784 ms - 923","service":"api-service","timestamp":"2026-03-14 20:37:59"}
{"level":"info","message":"GET /api/v1/clients/69b56f1f7300cb5cd39bad38 200 70.967 ms - 498","service":"api-service","timestamp":"2026-03-14 20:37:59"}
{"level":"info","message":"GET /api/v1/clients?page=1&limit=5 200 142.868 ms - 1510","service":"api-service","timestamp":"2026-03-14 20:38:00"}
{"level":"info","message":"GET /api/v1/clients?page=1&limit=5 200 78.726 ms - 1510","service":"api-service","timestamp":"2026-03-14 20:38:00"}
{"level":"info","message":"GET /api/v1/clients?page=1&limit=20 200 94.875 ms - 1510","service":"api-service","timestamp":"2026-03-14 20:38:26"}
{"level":"info","message":"GET /api/v1/clients?page=1&limit=20 200 81.922 ms - 1510","service":"api-service","timestamp":"2026-03-14 20:38:26"}
{"level":"info","message":"GET /api/v1/clients?page=1&limit=5 200 85.072 ms - 1510","service":"api-service","timestamp":"2026-03-14 20:38:27"}
{"level":"info","message":"GET /api/v1/clients?page=1&limit=5 200 88.474 ms - 1510","service":"api-service","timestamp":"2026-03-14 20:38:27"}
{"level":"info","message":"GET /api/v1/clients?page=1&limit=20 200 113.591 ms - 1510","service":"api-service","timestamp":"2026-03-14 20:38:27"}
{"level":"info","message":"GET /api/v1/clients?page=1&limit=20 200 118.766 ms - 1510","service":"api-service","timestamp":"2026-03-14 20:38:27"}
{"level":"info","message":"GET /api/v1/clients/69b576bb6c474783e092d9c5 200 97.269 ms - 636","service":"api-service","timestamp":"2026-03-14 20:38:29"}
{"level":"info","message":"GET /api/v1/clients/69b576bb6c474783e092d9c5/certificates 200 97.092 ms - 542","service":"api-service","timestamp":"2026-03-14 20:38:29"}
{"level":"info","message":"GET /api/v1/clients/69b576bb6c474783e092d9c5 200 88.815 ms - 636","service":"api-service","timestamp":"2026-03-14 20:38:29"}
{"level":"info","message":"GET /api/v1/clients/69b576bb6c474783e092d9c5/certificates 200 89.189 ms - 542","service":"api-service","timestamp":"2026-03-14 20:38:29"}
{"level":"info","message":"GET /api/v1/certificates/69b576fc6c474783e092d9f1 200 189.672 ms - 1032","service":"api-service","timestamp":"2026-03-14 20:38:33"}
{"level":"info","message":"GET /api/v1/certificates/69b576fc6c474783e092d9f1/summary 200 247.323 ms - 950","service":"api-service","timestamp":"2026-03-14 20:38:33"}
{"level":"info","message":"GET /api/v1/certificates/69b576fc6c474783e092d9f1 200 136.896 ms - 1032","service":"api-service","timestamp":"2026-03-14 20:38:33"}
{"level":"info","message":"GET /api/v1/certificates/69b576fc6c474783e092d9f1/summary 200 257.657 ms - 950","service":"api-service","timestamp":"2026-03-14 20:38:33"}
{"level":"info","message":"GET /api/v1/certificates/69b576fc6c474783e092d9f1 200 143.296 ms - 1032","service":"api-service","timestamp":"2026-03-14 20:40:32"}
{"level":"info","message":"GET /api/v1/certificates/69b576fc6c474783e092d9f1/summary 200 235.119 ms - 950","service":"api-service","timestamp":"2026-03-14 20:40:32"}
{"level":"info","message":"GET /api/v1/certificates/69b576fc6c474783e092d9f1 200 160.116 ms - 1032","service":"api-service","timestamp":"2026-03-14 20:40:32"}
{"level":"info","message":"GET /api/v1/certificates/69b576fc6c474783e092d9f1/summary 200 237.351 ms - 950","service":"api-service","timestamp":"2026-03-14 20:40:32"}
{"level":"info","message":"GET /api/v1/clients?page=1&limit=5 200 77.768 ms - 1510","service":"api-service","timestamp":"2026-03-14 20:41:43"}
{"level":"info","message":"GET /api/v1/clients?page=1&limit=5 200 79.703 ms - 1510","service":"api-service","timestamp":"2026-03-14 20:41:43"}
{"level":"info","message":"GET /api/v1/clients?page=1&limit=20 200 143.596 ms - 1510","service":"api-service","timestamp":"2026-03-14 20:41:44"}
{"level":"info","message":"GET /api/v1/clients?page=1&limit=20 200 66.129 ms - 1510","service":"api-service","timestamp":"2026-03-14 20:41:44"}
{"level":"info","message":"GET /api/v1/clients?page=1&limit=20 200 119.350 ms - 1510","service":"api-service","timestamp":"2026-03-14 20:51:57"}
{"level":"info","message":"GET /api/v1/clients?page=1&limit=20 200 133.988 ms - 1510","service":"api-service","timestamp":"2026-03-14 20:51:57"}
{"level":"info","message":"GET /api/v1/clients?page=1&limit=5 200 528.490 ms - 1510","service":"api-service","timestamp":"2026-03-14 21:46:51"}
{"level":"info","message":"GET /api/v1/clients?page=1&limit=5 200 71.097 ms - 1510","service":"api-service","timestamp":"2026-03-14 21:46:51"}
{"level":"info","message":"GET /api/v1/clients?page=1&limit=20 200 78.146 ms - 1510","service":"api-service","timestamp":"2026-03-14 21:46:52"}
{"level":"info","message":"GET /api/v1/clients?page=1&limit=20 200 59.535 ms - 1510","service":"api-service","timestamp":"2026-03-14 21:46:52"}
{"level":"info","message":"GET /api/v1/clients/69b576bb6c474783e092d9c5/certificates 200 71.266 ms - 542","service":"api-service","timestamp":"2026-03-14 21:46:54"}
{"level":"info","message":"GET /api/v1/clients/69b576bb6c474783e092d9c5 200 78.721 ms - 636","service":"api-service","timestamp":"2026-03-14 21:46:54"}
{"level":"info","message":"GET /api/v1/clients/69b576bb6c474783e092d9c5/certificates 200 54.159 ms - 542","service":"api-service","timestamp":"2026-03-14 21:46:54"}
{"level":"info","message":"GET /api/v1/clients/69b576bb6c474783e092d9c5 200 83.691 ms - 636","service":"api-service","timestamp":"2026-03-14 21:46:54"}
{"level":"info","message":"GET /api/v1/certificates/69b576fc6c474783e092d9f1 200 108.672 ms - 1032","service":"api-service","timestamp":"2026-03-14 21:47:02"}
{"level":"info","message":"GET /api/v1/certificates/69b576fc6c474783e092d9f1 200 197.691 ms - 1032","service":"api-service","timestamp":"2026-03-14 21:47:02"}
{"level":"info","message":"GET /api/v1/certificates/69b576fc6c474783e092d9f1/summary 200 560.592 ms - 950","service":"api-service","timestamp":"2026-03-14 21:47:02"}
{"level":"info","message":"GET /api/v1/certificates/69b576fc6c474783e092d9f1/summary 200 573.391 ms - 950","service":"api-service","timestamp":"2026-03-14 21:47:03"}
{"level":"info","message":"GET /api/v1/certificates/69b576fc6c474783e092d9f1 200 119.787 ms - 1032","service":"api-service","timestamp":"2026-03-14 21:47:07"}
{"level":"info","message":"GET /api/v1/certificates/69b576fc6c474783e092d9f1 200 122.330 ms - 1032","service":"api-service","timestamp":"2026-03-14 21:47:08"}
{"level":"info","message":"GET /api/v1/certificates/69b576fc6c474783e092d9f1/summary 200 549.225 ms - 950","service":"api-service","timestamp":"2026-03-14 21:47:08"}
{"level":"info","message":"GET /api/v1/certificates/69b576fc6c474783e092d9f1/summary 200 195.355 ms - 950","service":"api-service","timestamp":"2026-03-14 21:47:08"}
{"level":"info","message":"GET /api/v1/certificates/69b576fc6c474783e092d9f1/guarantors 200 57.529 ms - 305","service":"api-service","timestamp":"2026-03-14 21:47:15"}
{"level":"info","message":"GET /api/v1/certificates/69b576fc6c474783e092d9f1/guarantors 200 68.169 ms - 305","service":"api-service","timestamp":"2026-03-14 21:47:15"}
{"level":"info","message":"GET /api/v1/certificates/69b576fc6c474783e092d9f1/liabilities 200 79.273 ms - 310","service":"api-service","timestamp":"2026-03-14 21:48:19"}
{"level":"info","message":"GET /api/v1/certificates/69b576fc6c474783e092d9f1 200 151.735 ms - 1032","service":"api-service","timestamp":"2026-03-14 21:48:19"}
{"level":"info","message":"GET /api/v1/certificates/69b576fc6c474783e092d9f1/liabilities 200 69.083 ms - 310","service":"api-service","timestamp":"2026-03-14 21:48:19"}
{"level":"info","message":"GET /api/v1/certificates/69b576fc6c474783e092d9f1 200 122.626 ms - 1032","service":"api-service","timestamp":"2026-03-14 21:48:19"}
{"level":"info","message":"GET /api/v1/certificates/69b576fc6c474783e092d9f1/guarantors 200 57.464 ms - 305","service":"api-service","timestamp":"2026-03-14 21:48:24"}
{"level":"info","message":"GET /api/v1/certificates/69b576fc6c474783e092d9f1/guarantors 200 52.872 ms - 305","service":"api-service","timestamp":"2026-03-14 21:48:24"}
{"level":"info","message":"GET /api/v1/clients?page=1&limit=5 - - ms - -","service":"api-service","timestamp":"2026-03-14 21:52:49"}
{"level":"info","message":"GET /api/v1/clients?page=1&limit=20 - - ms - -","service":"api-service","timestamp":"2026-03-14 21:52:49"}
{"level":"info","message":"GET /api/v1/clients?page=1&limit=20 - - ms - -","service":"api-service","timestamp":"2026-03-14 21:52:49"}
{"level":"info","message":"GET /api/v1/clients?page=1&limit=5 - - ms - -","service":"api-service","timestamp":"2026-03-14 21:52:49"}
{"level":"info","message":"GET /api/v1/clients?page=1&limit=20 - - ms - -","service":"api-service","timestamp":"2026-03-14 21:52:57"}
{"level":"info","message":"GET /api/v1/clients?page=1&limit=5 - - ms - -","service":"api-service","timestamp":"2026-03-14 21:52:57"}
{"level":"error","message":"Unexpected Error: getaddrinfo ENOTFOUND ac-hfdtuy9-shard-00-00.ggbzrc4.mongodb.net","method":"GET","name":"MongoServerSelectionError","path":"/api/v1/clients","service":"api-service","stack":"MongoServerSelectionError: getaddrinfo ENOTFOUND ac-hfdtuy9-shard-00-00.ggbzrc4.mongodb.net\n    at Topology.selectServer (/Users/thamaraikannan/Desktop/finalfinance/api_personal_finance/node_modules/mongodb/src/sdam/topology.ts:635:30)\n    at runNextTicks (node:internal/process/task_queues:64:5)\n    at listOnTimeout (node:internal/timers:567:9)\n    at process.processTimers (node:internal/timers:541:7)\n    at async tryOperation (/Users/thamaraikannan/Desktop/finalfinance/api_personal_finance/node_modules/mongodb/src/operations/execute_operation.ts:202:16)\n    at async executeOperation (/Users/thamaraikannan/Desktop/finalfinance/api_personal_finance/node_modules/mongodb/src/operations/execute_operation.ts:119:12)\n    at async AggregationCursor._initialize (/Users/thamaraikannan/Desktop/finalfinance/api_personal_finance/node_modules/mongodb/src/cursor/aggregation_cursor.ts:92:22)\n    at async AggregationCursor.cursorInit (/Users/thamaraikannan/Desktop/finalfinance/api_personal_finance/node_modules/mongodb/src/cursor/abstract_cursor.ts:949:21)\n    at async AggregationCursor.fetchBatch (/Users/thamaraikannan/Desktop/finalfinance/api_personal_finance/node_modules/mongodb/src/cursor/abstract_cursor.ts:987:7)\n    at async AggregationCursor.next (/Users/thamaraikannan/Desktop/finalfinance/api_personal_finance/node_modules/mongodb/src/cursor/abstract_cursor.ts:608:9)\n    at async Collection.countDocuments (/Users/thamaraikannan/Desktop/finalfinance/api_personal_finance/node_modules/mongodb/src/collection.ts:849:17)\n    at async model.Query.exec (/Users/thamaraikannan/Desktop/finalfinance/api_personal_finance/node_modules/mongoose/lib/query.js:4627:63)\n    at async Promise.all (index 1)\n    at async ClientService.getClients (/Users/thamaraikannan/Desktop/finalfinance/api_personal_finance/src/services/clientService.ts:72:30)\n    at async getClients (/Users/thamaraikannan/Desktop/finalfinance/api_personal_finance/src/controllers/client.controller.ts:27:22)","timestamp":"2026-03-14 21:53:10"}
{"level":"error","message":"Unexpected Error: getaddrinfo ENOTFOUND ac-hfdtuy9-shard-00-00.ggbzrc4.mongodb.net","method":"GET","name":"MongoServerSelectionError","path":"/api/v1/clients","service":"api-service","stack":"MongoServerSelectionError: getaddrinfo ENOTFOUND ac-hfdtuy9-shard-00-00.ggbzrc4.mongodb.net\n    at Topology.selectServer (/Users/thamaraikannan/Desktop/finalfinance/api_personal_finance/node_modules/mongodb/src/sdam/topology.ts:635:30)\n    at runNextTicks (node:internal/process/task_queues:64:5)\n    at listOnTimeout (node:internal/timers:567:9)\n    at process.processTimers (node:internal/timers:541:7)\n    at async tryOperation (/Users/thamaraikannan/Desktop/finalfinance/api_personal_finance/node_modules/mongodb/src/operations/execute_operation.ts:202:16)\n    at async executeOperation (/Users/thamaraikannan/Desktop/finalfinance/api_personal_finance/node_modules/mongodb/src/operations/execute_operation.ts:119:12)\n    at async AggregationCursor._initialize (/Users/thamaraikannan/Desktop/finalfinance/api_personal_finance/node_modules/mongodb/src/cursor/aggregation_cursor.ts:92:22)\n    at async AggregationCursor.cursorInit (/Users/thamaraikannan/Desktop/finalfinance/api_personal_finance/node_modules/mongodb/src/cursor/abstract_cursor.ts:949:21)\n    at async AggregationCursor.fetchBatch (/Users/thamaraikannan/Desktop/finalfinance/api_personal_finance/node_modules/mongodb/src/cursor/abstract_cursor.ts:987:7)\n    at async AggregationCursor.next (/Users/thamaraikannan/Desktop/finalfinance/api_personal_finance/node_modules/mongodb/src/cursor/abstract_cursor.ts:608:9)\n    at async Collection.countDocuments (/Users/thamaraikannan/Desktop/finalfinance/api_personal_finance/node_modules/mongodb/src/collection.ts:849:17)\n    at async model.Query.exec (/Users/thamaraikannan/Desktop/finalfinance/api_personal_finance/node_modules/mongoose/lib/query.js:4627:63)\n    at async Promise.all (index 1)\n    at async ClientService.getClients (/Users/thamaraikannan/Desktop/finalfinance/api_personal_finance/src/services/clientService.ts:72:30)\n    at async getClients (/Users/thamaraikannan/Desktop/finalfinance/api_personal_finance/src/controllers/client.controller.ts:27:22)","timestamp":"2026-03-14 21:53:13"}
{"level":"error","message":"Unexpected Error: getaddrinfo ENOTFOUND ac-hfdtuy9-shard-00-00.ggbzrc4.mongodb.net","method":"GET","name":"MongoServerSelectionError","path":"/api/v1/clients","service":"api-service","stack":"MongoServerSelectionError: getaddrinfo ENOTFOUND ac-hfdtuy9-shard-00-00.ggbzrc4.mongodb.net\n    at Topology.selectServer (/Users/thamaraikannan/Desktop/finalfinance/api_personal_finance/node_modules/mongodb/src/sdam/topology.ts:635:30)\n    at runNextTicks (node:internal/process/task_queues:64:5)\n    at listOnTimeout (node:internal/timers:567:9)\n    at process.processTimers (node:internal/timers:541:7)\n    at async tryOperation (/Users/thamaraikannan/Desktop/finalfinance/api_personal_finance/node_modules/mongodb/src/operations/execute_operation.ts:202:16)\n    at async executeOperation (/Users/thamaraikannan/Desktop/finalfinance/api_personal_finance/node_modules/mongodb/src/operations/execute_operation.ts:119:12)\n    at async AggregationCursor._initialize (/Users/thamaraikannan/Desktop/finalfinance/api_personal_finance/node_modules/mongodb/src/cursor/aggregation_cursor.ts:92:22)\n    at async AggregationCursor.cursorInit (/Users/thamaraikannan/Desktop/finalfinance/api_personal_finance/node_modules/mongodb/src/cursor/abstract_cursor.ts:949:21)\n    at async AggregationCursor.fetchBatch (/Users/thamaraikannan/Desktop/finalfinance/api_personal_finance/node_modules/mongodb/src/cursor/abstract_cursor.ts:987:7)\n    at async AggregationCursor.next (/Users/thamaraikannan/Desktop/finalfinance/api_personal_finance/node_modules/mongodb/src/cursor/abstract_cursor.ts:608:9)\n    at async Collection.countDocuments (/Users/thamaraikannan/Desktop/finalfinance/api_personal_finance/node_modules/mongodb/src/collection.ts:849:17)\n    at async model.Query.exec (/Users/thamaraikannan/Desktop/finalfinance/api_personal_finance/node_modules/mongoose/lib/query.js:4627:63)\n    at async Promise.all (index 1)\n    at async ClientService.getClients (/Users/thamaraikannan/Desktop/finalfinance/api_personal_finance/src/services/clientService.ts:72:30)\n    at async getClients (/Users/thamaraikannan/Desktop/finalfinance/api_personal_finance/src/controllers/client.controller.ts:27:22)","timestamp":"2026-03-14 21:53:19"}
{"level":"error","message":"Unexpected Error: getaddrinfo ENOTFOUND ac-hfdtuy9-shard-00-00.ggbzrc4.mongodb.net","method":"GET","name":"MongoServerSelectionError","path":"/api/v1/clients","service":"api-service","stack":"MongoServerSelectionError: getaddrinfo ENOTFOUND ac-hfdtuy9-shard-00-00.ggbzrc4.mongodb.net\n    at Topology.selectServer (/Users/thamaraikannan/Desktop/finalfinance/api_personal_finance/node_modules/mongodb/src/sdam/topology.ts:635:30)\n    at runNextTicks (node:internal/process/task_queues:64:5)\n    at listOnTimeout (node:internal/timers:567:9)\n    at process.processTimers (node:internal/timers:541:7)\n    at async tryOperation (/Users/thamaraikannan/Desktop/finalfinance/api_personal_finance/node_modules/mongodb/src/operations/execute_operation.ts:202:16)\n    at async executeOperation (/Users/thamaraikannan/Desktop/finalfinance/api_personal_finance/node_modules/mongodb/src/operations/execute_operation.ts:119:12)\n    at async AggregationCursor._initialize (/Users/thamaraikannan/Desktop/finalfinance/api_personal_finance/node_modules/mongodb/src/cursor/aggregation_cursor.ts:92:22)\n    at async AggregationCursor.cursorInit (/Users/thamaraikannan/Desktop/finalfinance/api_personal_finance/node_modules/mongodb/src/cursor/abstract_cursor.ts:949:21)\n    at async AggregationCursor.fetchBatch (/Users/thamaraikannan/Desktop/finalfinance/api_personal_finance/node_modules/mongodb/src/cursor/abstract_cursor.ts:987:7)\n    at async AggregationCursor.next (/Users/thamaraikannan/Desktop/finalfinance/api_personal_finance/node_modules/mongodb/src/cursor/abstract_cursor.ts:608:9)\n    at async Collection.countDocuments (/Users/thamaraikannan/Desktop/finalfinance/api_personal_finance/node_modules/mongodb/src/collection.ts:849:17)\n    at async model.Query.exec (/Users/thamaraikannan/Desktop/finalfinance/api_personal_finance/node_modules/mongoose/lib/query.js:4627:63)\n    at async Promise.all (index 1)\n    at async ClientService.getClients (/Users/thamaraikannan/Desktop/finalfinance/api_personal_finance/src/services/clientService.ts:72:30)\n    at async getClients (/Users/thamaraikannan/Desktop/finalfinance/api_personal_finance/src/controllers/client.controller.ts:27:22)","timestamp":"2026-03-14 21:53:19"}
{"level":"error","message":"Unexpected Error: getaddrinfo ENOTFOUND ac-hfdtuy9-shard-00-00.ggbzrc4.mongodb.net","method":"GET","name":"MongoServerSelectionError","path":"/api/v1/clients","service":"api-service","stack":"MongoServerSelectionError: getaddrinfo ENOTFOUND ac-hfdtuy9-shard-00-00.ggbzrc4.mongodb.net\n    at Topology.selectServer (/Users/thamaraikannan/Desktop/finalfinance/api_personal_finance/node_modules/mongodb/src/sdam/topology.ts:635:30)\n    at runNextTicks (node:internal/process/task_queues:64:5)\n    at listOnTimeout (node:internal/timers:567:9)\n    at process.processTimers (node:internal/timers:541:7)\n    at async tryOperation (/Users/thamaraikannan/Desktop/finalfinance/api_personal_finance/node_modules/mongodb/src/operations/execute_operation.ts:202:16)\n    at async executeOperation (/Users/thamaraikannan/Desktop/finalfinance/api_personal_finance/node_modules/mongodb/src/operations/execute_operation.ts:119:12)\n    at async AggregationCursor._initialize (/Users/thamaraikannan/Desktop/finalfinance/api_personal_finance/node_modules/mongodb/src/cursor/aggregation_cursor.ts:92:22)\n    at async AggregationCursor.cursorInit (/Users/thamaraikannan/Desktop/finalfinance/api_personal_finance/node_modules/mongodb/src/cursor/abstract_cursor.ts:949:21)\n    at async AggregationCursor.fetchBatch (/Users/thamaraikannan/Desktop/finalfinance/api_personal_finance/node_modules/mongodb/src/cursor/abstract_cursor.ts:987:7)\n    at async AggregationCursor.next (/Users/thamaraikannan/Desktop/finalfinance/api_personal_finance/node_modules/mongodb/src/cursor/abstract_cursor.ts:608:9)\n    at async Collection.countDocuments (/Users/thamaraikannan/Desktop/finalfinance/api_personal_finance/node_modules/mongodb/src/collection.ts:849:17)\n    at async model.Query.exec (/Users/thamaraikannan/Desktop/finalfinance/api_personal_finance/node_modules/mongoose/lib/query.js:4627:63)\n    at async Promise.all (index 1)\n    at async ClientService.getClients (/Users/thamaraikannan/Desktop/finalfinance/api_personal_finance/src/services/clientService.ts:72:30)\n    at async getClients (/Users/thamaraikannan/Desktop/finalfinance/api_personal_finance/src/controllers/client.controller.ts:27:22)","timestamp":"2026-03-14 21:53:19"}
{"level":"error","message":"Unexpected Error: getaddrinfo ENOTFOUND ac-hfdtuy9-shard-00-00.ggbzrc4.mongodb.net","method":"GET","name":"MongoServerSelectionError","path":"/api/v1/clients","service":"api-service","stack":"MongoServerSelectionError: getaddrinfo ENOTFOUND ac-hfdtuy9-shard-00-00.ggbzrc4.mongodb.net\n    at Topology.selectServer (/Users/thamaraikannan/Desktop/finalfinance/api_personal_finance/node_modules/mongodb/src/sdam/topology.ts:635:30)\n    at runNextTicks (node:internal/process/task_queues:64:5)\n    at listOnTimeout (node:internal/timers:567:9)\n    at process.processTimers (node:internal/timers:541:7)\n    at async tryOperation (/Users/thamaraikannan/Desktop/finalfinance/api_personal_finance/node_modules/mongodb/src/operations/execute_operation.ts:202:16)\n    at async executeOperation (/Users/thamaraikannan/Desktop/finalfinance/api_personal_finance/node_modules/mongodb/src/operations/execute_operation.ts:119:12)\n    at async AggregationCursor._initialize (/Users/thamaraikannan/Desktop/finalfinance/api_personal_finance/node_modules/mongodb/src/cursor/aggregation_cursor.ts:92:22)\n    at async AggregationCursor.cursorInit (/Users/thamaraikannan/Desktop/finalfinance/api_personal_finance/node_modules/mongodb/src/cursor/abstract_cursor.ts:949:21)\n    at async AggregationCursor.fetchBatch (/Users/thamaraikannan/Desktop/finalfinance/api_personal_finance/node_modules/mongodb/src/cursor/abstract_cursor.ts:987:7)\n    at async AggregationCursor.next (/Users/thamaraikannan/Desktop/finalfinance/api_personal_finance/node_modules/mongodb/src/cursor/abstract_cursor.ts:608:9)\n    at async Collection.countDocuments (/Users/thamaraikannan/Desktop/finalfinance/api_personal_finance/node_modules/mongodb/src/collection.ts:849:17)\n    at async model.Query.exec (/Users/thamaraikannan/Desktop/finalfinance/api_personal_finance/node_modules/mongoose/lib/query.js:4627:63)\n    at async Promise.all (index 1)\n    at async ClientService.getClients (/Users/thamaraikannan/Desktop/finalfinance/api_personal_finance/src/services/clientService.ts:72:30)\n    at async getClients (/Users/thamaraikannan/Desktop/finalfinance/api_personal_finance/src/controllers/client.controller.ts:27:22)","timestamp":"2026-03-14 21:53:21"}
{"level":"error","message":"Unexpected Error: getaddrinfo ENOTFOUND ac-hfdtuy9-shard-00-00.ggbzrc4.mongodb.net","method":"GET","name":"MongoServerSelectionError","path":"/api/v1/clients","service":"api-service","stack":"MongoServerSelectionError: getaddrinfo ENOTFOUND ac-hfdtuy9-shard-00-00.ggbzrc4.mongodb.net\n    at Topology.selectServer (/Users/thamaraikannan/Desktop/finalfinance/api_personal_finance/node_modules/mongodb/src/sdam/topology.ts:635:30)\n    at runNextTicks (node:internal/process/task_queues:64:5)\n    at listOnTimeout (node:internal/timers:567:9)\n    at process.processTimers (node:internal/timers:541:7)\n    at async tryOperation (/Users/thamaraikannan/Desktop/finalfinance/api_personal_finance/node_modules/mongodb/src/operations/execute_operation.ts:202:16)\n    at async executeOperation (/Users/thamaraikannan/Desktop/finalfinance/api_personal_finance/node_modules/mongodb/src/operations/execute_operation.ts:119:12)\n    at async AggregationCursor._initialize (/Users/thamaraikannan/Desktop/finalfinance/api_personal_finance/node_modules/mongodb/src/cursor/aggregation_cursor.ts:92:22)\n    at async AggregationCursor.cursorInit (/Users/thamaraikannan/Desktop/finalfinance/api_personal_finance/node_modules/mongodb/src/cursor/abstract_cursor.ts:949:21)\n    at async AggregationCursor.fetchBatch (/Users/thamaraikannan/Desktop/finalfinance/api_personal_finance/node_modules/mongodb/src/cursor/abstract_cursor.ts:987:7)\n    at async AggregationCursor.next (/Users/thamaraikannan/Desktop/finalfinance/api_personal_finance/node_modules/mongodb/src/cursor/abstract_cursor.ts:608:9)\n    at async Collection.countDocuments (/Users/thamaraikannan/Desktop/finalfinance/api_personal_finance/node_modules/mongodb/src/collection.ts:849:17)\n    at async model.Query.exec (/Users/thamaraikannan/Desktop/finalfinance/api_personal_finance/node_modules/mongoose/lib/query.js:4627:63)\n    at async Promise.all (index 1)\n    at async ClientService.getClients (/Users/thamaraikannan/Desktop/finalfinance/api_personal_finance/src/services/clientService.ts:72:30)\n    at async getClients (/Users/thamaraikannan/Desktop/finalfinance/api_personal_finance/src/controllers/client.controller.ts:27:22)","timestamp":"2026-03-14 21:53:27"}
{"level":"info","message":"GET /api/v1/clients?page=1&limit=20 500 30003.380 ms - 172","service":"api-service","timestamp":"2026-03-14 21:53:27"}
{"level":"error","message":"Unexpected Error: getaddrinfo ENOTFOUND ac-hfdtuy9-shard-00-00.ggbzrc4.mongodb.net","method":"GET","name":"MongoServerSelectionError","path":"/api/v1/clients","service":"api-service","stack":"MongoServerSelectionError: getaddrinfo ENOTFOUND ac-hfdtuy9-shard-00-00.ggbzrc4.mongodb.net\n    at Topology.selectServer (/Users/thamaraikannan/Desktop/finalfinance/api_personal_finance/node_modules/mongodb/src/sdam/topology.ts:635:30)\n    at runNextTicks (node:internal/process/task_queues:64:5)\n    at listOnTimeout (node:internal/timers:567:9)\n    at process.processTimers (node:internal/timers:541:7)\n    at async tryOperation (/Users/thamaraikannan/Desktop/finalfinance/api_personal_finance/node_modules/mongodb/src/operations/execute_operation.ts:202:16)\n    at async executeOperation (/Users/thamaraikannan/Desktop/finalfinance/api_personal_finance/node_modules/mongodb/src/operations/execute_operation.ts:119:12)\n    at async AggregationCursor._initialize (/Users/thamaraikannan/Desktop/finalfinance/api_personal_finance/node_modules/mongodb/src/cursor/aggregation_cursor.ts:92:22)\n    at async AggregationCursor.cursorInit (/Users/thamaraikannan/Desktop/finalfinance/api_personal_finance/node_modules/mongodb/src/cursor/abstract_cursor.ts:949:21)\n    at async AggregationCursor.fetchBatch (/Users/thamaraikannan/Desktop/finalfinance/api_personal_finance/node_modules/mongodb/src/cursor/abstract_cursor.ts:987:7)\n    at async AggregationCursor.next (/Users/thamaraikannan/Desktop/finalfinance/api_personal_finance/node_modules/mongodb/src/cursor/abstract_cursor.ts:608:9)\n    at async Collection.countDocuments (/Users/thamaraikannan/Desktop/finalfinance/api_personal_finance/node_modules/mongodb/src/collection.ts:849:17)\n    at async model.Query.exec (/Users/thamaraikannan/Desktop/finalfinance/api_personal_finance/node_modules/mongoose/lib/query.js:4627:63)\n    at async Promise.all (index 1)\n    at async ClientService.getClients (/Users/thamaraikannan/Desktop/finalfinance/api_personal_finance/src/services/clientService.ts:72:30)\n    at async getClients (/Users/thamaraikannan/Desktop/finalfinance/api_personal_finance/src/controllers/client.controller.ts:27:22)","timestamp":"2026-03-14 21:53:31"}
{"level":"info","message":"GET /api/v1/clients?page=1&limit=5 500 30004.138 ms - 172","service":"api-service","timestamp":"2026-03-14 21:53:31"}
{"level":"error","message":"Unexpected Error: getaddrinfo ENOTFOUND ac-hfdtuy9-shard-00-00.ggbzrc4.mongodb.net","method":"GET","name":"MongoServerSelectionError","path":"/api/v1/clients","service":"api-service","stack":"MongoServerSelectionError: getaddrinfo ENOTFOUND ac-hfdtuy9-shard-00-00.ggbzrc4.mongodb.net\n    at Topology.selectServer (/Users/thamaraikannan/Desktop/finalfinance/api_personal_finance/node_modules/mongodb/src/sdam/topology.ts:635:30)\n    at runNextTicks (node:internal/process/task_queues:64:5)\n    at listOnTimeout (node:internal/timers:567:9)\n    at process.processTimers (node:internal/timers:541:7)\n    at async tryOperation (/Users/thamaraikannan/Desktop/finalfinance/api_personal_finance/node_modules/mongodb/src/operations/execute_operation.ts:202:16)\n    at async executeOperation (/Users/thamaraikannan/Desktop/finalfinance/api_personal_finance/node_modules/mongodb/src/operations/execute_operation.ts:119:12)\n    at async AggregationCursor._initialize (/Users/thamaraikannan/Desktop/finalfinance/api_personal_finance/node_modules/mongodb/src/cursor/aggregation_cursor.ts:92:22)\n    at async AggregationCursor.cursorInit (/Users/thamaraikannan/Desktop/finalfinance/api_personal_finance/node_modules/mongodb/src/cursor/abstract_cursor.ts:949:21)\n    at async AggregationCursor.fetchBatch (/Users/thamaraikannan/Desktop/finalfinance/api_personal_finance/node_modules/mongodb/src/cursor/abstract_cursor.ts:987:7)\n    at async AggregationCursor.next (/Users/thamaraikannan/Desktop/finalfinance/api_personal_finance/node_modules/mongodb/src/cursor/abstract_cursor.ts:608:9)\n    at async Collection.countDocuments (/Users/thamaraikannan/Desktop/finalfinance/api_personal_finance/node_modules/mongodb/src/collection.ts:849:17)\n    at async model.Query.exec (/Users/thamaraikannan/Desktop/finalfinance/api_personal_finance/node_modules/mongoose/lib/query.js:4627:63)\n    at async Promise.all (index 1)\n    at async ClientService.getClients (/Users/thamaraikannan/Desktop/finalfinance/api_personal_finance/src/services/clientService.ts:72:30)\n    at async getClients (/Users/thamaraikannan/Desktop/finalfinance/api_personal_finance/src/controllers/client.controller.ts:27:22)","timestamp":"2026-03-14 21:53:47"}
{"level":"info","message":"GET /api/v1/clients?page=1&limit=20 500 30002.992 ms - 172","service":"api-service","timestamp":"2026-03-14 21:53:47"}
{"level":"error","message":"Unexpected Error: getaddrinfo ENOTFOUND ac-hfdtuy9-shard-00-00.ggbzrc4.mongodb.net","method":"GET","name":"MongoServerSelectionError","path":"/api/v1/clients","service":"api-service","stack":"MongoServerSelectionError: getaddrinfo ENOTFOUND ac-hfdtuy9-shard-00-00.ggbzrc4.mongodb.net\n    at Topology.selectServer (/Users/thamaraikannan/Desktop/finalfinance/api_personal_finance/node_modules/mongodb/src/sdam/topology.ts:635:30)\n    at runNextTicks (node:internal/process/task_queues:64:5)\n    at listOnTimeout (node:internal/timers:567:9)\n    at process.processTimers (node:internal/timers:541:7)\n    at async tryOperation (/Users/thamaraikannan/Desktop/finalfinance/api_personal_finance/node_modules/mongodb/src/operations/execute_operation.ts:202:16)\n    at async executeOperation (/Users/thamaraikannan/Desktop/finalfinance/api_personal_finance/node_modules/mongodb/src/operations/execute_operation.ts:119:12)\n    at async AggregationCursor._initialize (/Users/thamaraikannan/Desktop/finalfinance/api_personal_finance/node_modules/mongodb/src/cursor/aggregation_cursor.ts:92:22)\n    at async AggregationCursor.cursorInit (/Users/thamaraikannan/Desktop/finalfinance/api_personal_finance/node_modules/mongodb/src/cursor/abstract_cursor.ts:949:21)\n    at async AggregationCursor.fetchBatch (/Users/thamaraikannan/Desktop/finalfinance/api_personal_finance/node_modules/mongodb/src/cursor/abstract_cursor.ts:987:7)\n    at async AggregationCursor.next (/Users/thamaraikannan/Desktop/finalfinance/api_personal_finance/node_modules/mongodb/src/cursor/abstract_cursor.ts:608:9)\n    at async Collection.countDocuments (/Users/thamaraikannan/Desktop/finalfinance/api_personal_finance/node_modules/mongodb/src/collection.ts:849:17)\n    at async model.Query.exec (/Users/thamaraikannan/Desktop/finalfinance/api_personal_finance/node_modules/mongoose/lib/query.js:4627:63)\n    at async Promise.all (index 1)\n    at async ClientService.getClients (/Users/thamaraikannan/Desktop/finalfinance/api_personal_finance/src/services/clientService.ts:72:30)\n    at async getClients (/Users/thamaraikannan/Desktop/finalfinance/api_personal_finance/src/controllers/client.controller.ts:27:22)","timestamp":"2026-03-14 21:53:51"}
{"level":"info","message":"GET /api/v1/clients?page=1&limit=5 500 30004.517 ms - 172","service":"api-service","timestamp":"2026-03-14 21:53:51"}
{"level":"info","message":"GET /api/v1/clients?page=1&limit=20 200 25403.699 ms - 1510","service":"api-service","timestamp":"2026-03-14 21:54:02"}
{"level":"info","message":"GET /api/v1/clients?page=1&limit=20 200 5465.950 ms - 1510","service":"api-service","timestamp":"2026-03-14 21:54:02"}
{"level":"info","message":"GET /api/v1/clients?page=1&limit=5 200 3025.462 ms - 1510","service":"api-service","timestamp":"2026-03-14 21:54:02"}
{"level":"info","message":"GET /api/v1/clients?page=1&limit=5 200 23371.044 ms - 1510","service":"api-service","timestamp":"2026-03-14 21:54:03"}
{"level":"info","message":"GET /api/v1/clients/69b576bb6c474783e092d9c5/certificates 200 254.209 ms - 542","service":"api-service","timestamp":"2026-03-14 21:54:09"}
{"level":"info","message":"GET /api/v1/clients/69b576bb6c474783e092d9c5 200 256.018 ms - 636","service":"api-service","timestamp":"2026-03-14 21:54:09"}
{"level":"info","message":"GET /api/v1/clients/69b576bb6c474783e092d9c5 200 170.735 ms - 636","service":"api-service","timestamp":"2026-03-14 21:54:09"}
{"level":"info","message":"GET /api/v1/clients/69b576bb6c474783e092d9c5/certificates 200 172.602 ms - 542","service":"api-service","timestamp":"2026-03-14 21:54:09"}
{"level":"error","message":"AppError: A certificate for FY 2026-27 already exists for this client","method":"POST","path":"/api/v1/certificates","service":"api-service","stack":"Error: A certificate for FY 2026-27 already exists for this client\n    at CertificateService.createCertificate (/Users/thamaraikannan/Desktop/finalfinance/api_personal_finance/src/services/certificateService.ts:29:13)\n    at process.processTicksAndRejections (node:internal/process/task_queues:103:5)\n    at async createCertificate (/Users/thamaraikannan/Desktop/finalfinance/api_personal_finance/src/controllers/certificate.controller.ts:12:20)","statusCode":409,"timestamp":"2026-03-14 21:54:24"}
{"level":"info","message":"POST /api/v1/certificates 409 99.762 ms - 128","service":"api-service","timestamp":"2026-03-14 21:54:24"}
{"level":"info","message":"GET /api/v1/certificates/69b576fc6c474783e092d9f1 200 113.664 ms - 1032","service":"api-service","timestamp":"2026-03-14 21:54:27"}
{"level":"info","message":"GET /api/v1/certificates/69b576fc6c474783e092d9f1 200 97.306 ms - 1032","service":"api-service","timestamp":"2026-03-14 21:54:28"}
{"level":"info","message":"GET /api/v1/certificates/69b576fc6c474783e092d9f1/summary 200 530.848 ms - 950","service":"api-service","timestamp":"2026-03-14 21:54:28"}
{"level":"info","message":"GET /api/v1/certificates/69b576fc6c474783e092d9f1/summary 200 165.234 ms - 950","service":"api-service","timestamp":"2026-03-14 21:54:28"}
{"level":"info","message":"GET /api/v1/certificates/69b576fc6c474783e092d9f1/annexure1 200 89.001 ms - 898","service":"api-service","timestamp":"2026-03-14 21:54:44"}
{"level":"info","message":"GET /api/v1/certificates/69b576fc6c474783e092d9f1/annexure1 200 62.128 ms - 898","service":"api-service","timestamp":"2026-03-14 21:54:44"}
